{
  "parent": "minecraft:recipes/root",
  "criteria": {
    "has_feather": {
      "conditions": {
        "items": [
          {
            "items": [
              "minecraft:feather"
            ]
          }
        ]
      },
      "trigger": "minecraft:inventory_changed"
    },
    "has_flint": {
      "conditions": {
        "items": [
          {
            "items": [
              "minecraft:flint"
            ]
          }
        ]
      },
      "trigger": "minecraft:inventory_changed"
    },
    "has_the_recipe": {
      "conditions": {
        "recipe": "minecraft:arrow"
      },
      "trigger": "minecraft:recipe_unlocked"
    }
  },
  "requirements": [
    [
      "has_feather",
      "has_flint",
      "has_the_recipe"
    ]
  ],
  "rewards": {
    "recipes": [
      "minecraft:arrow"
    ]
  },
  "sends_telemetry_event": false
}