{
  "parent": "minecraft:recipes/root",
  "criteria": {
    "has_leather": {
      "conditions": {
        "items": [
          {
            "items": [
              "minecraft:leather"
            ]
          }
        ]
      },
      "trigger": "minecraft:inventory_changed"
    },
    "has_the_recipe": {
      "conditions": {
        "recipe": "minecraft:leather_leggings"
      },
      "trigger": "minecraft:recipe_unlocked"
    }
  },
  "requirements": [
    [
      "has_leather",
      "has_the_recipe"
    ]
  ],
  "rewards": {
    "recipes": [
      "minecraft:leather_leggings"
    ]
  },
  "sends_telemetry_event": false
}