{
  "parent": "minecraft:recipes/root",
  "criteria": {
    "has_dandelion": {
      "conditions": {
        "items": [
          {
            "items": [
              "minecraft:dandelion"
            ]
          }
        ]
      },
      "trigger": "minecraft:inventory_changed"
    },
    "has_the_recipe": {
      "conditions": {
        "recipe": "minecraft:yellow_dye_from_dandelion"
      },
      "trigger": "minecraft:recipe_unlocked"
    }
  },
  "requirements": [
    [
      "has_dandelion",
      "has_the_recipe"
    ]
  ],
  "rewards": {
    "recipes": [
      "minecraft:yellow_dye_from_dandelion"
    ]
  },
  "sends_telemetry_event": false
}