{"stats":{"minecraft:custom":{"minecraft:time_since_rest":14990,"minecraft:open_chest":6,"minecraft:interact_with_furnace":1,"minecraft:crouch_one_cm":8089,"minecraft:sprint_one_cm":71,"minecraft:play_time":14990,"minecraft:walk_one_cm":16132,"minecraft:sneak_time":3418,"minecraft:walk_under_water_one_cm":482,"minecraft:drop":3,"minecraft:jump":56,"minecraft:time_since_death":14990,"minecraft:walk_on_water_one_cm":36034,"minecraft:total_world_time":14990,"minecraft:interact_with_crafting_table":4,"minecraft:fall_one_cm":209},"minecraft:crafted":{"minecraft:furnace":1,"minecraft:oak_planks":8,"minecraft:stick":4,"minecraft:wooden_pickaxe":1,"minecraft:stone_pickaxe":1},"minecraft:mined":{"minecraft:grass_block":1,"minecraft:oak_sapling":1,"minecraft:cobblestone":95},"minecraft:used":{"minecraft:dirt":1,"minecraft:cobblestone":1,"minecraft:furnace":1,"minecraft:oak_sapling":2,"minecraft:stone_pickaxe":92,"minecraft:wooden_pickaxe":4},"minecraft:dropped":{"minecraft:cobblestone":17,"minecraft:oak_planks":3,"minecraft:wooden_pickaxe":1},"minecraft:picked_up":{"minecraft:oak_log":4,"minecraft:oak_sapling":2,"minecraft:dirt":9,"minecraft:cobblestone":63}},"DataVersion":3465}