{"stats":{"minecraft:custom":{"minecraft:time_since_rest":26990,"minecraft:open_chest":13,"minecraft:interact_with_furnace":5,"minecraft:crouch_one_cm":15213,"minecraft:sprint_one_cm":11067,"minecraft:play_time":26990,"minecraft:walk_one_cm":51636,"minecraft:sneak_time":5296,"minecraft:walk_under_water_one_cm":609,"minecraft:drop":5,"minecraft:jump":81,"minecraft:time_since_death":26990,"minecraft:walk_on_water_one_cm":36747,"minecraft:total_world_time":26990,"minecraft:interact_with_crafting_table":5,"minecraft:fall_one_cm":209},"minecraft:crafted":{"minecraft:furnace":1,"minecraft:oak_planks":8,"minecraft:torch":2,"minecraft:charcoal":3,"minecraft:stick":4,"minecraft:wooden_pickaxe":1,"minecraft:stone_pickaxe":1},"minecraft:mined":{"minecraft:grass_block":1,"minecraft:oak_sapling":1,"minecraft:cobblestone":128},"minecraft:used":{"minecraft:torch":3,"minecraft:dirt":3,"minecraft:cobblestone":36,"minecraft:furnace":1,"minecraft:oak_sapling":5,"minecraft:stone_pickaxe":125,"minecraft:wooden_pickaxe":4},"minecraft:dropped":{"minecraft:cobblestone":17,"minecraft:oak_planks":3,"minecraft:wooden_pickaxe":1,"minecraft:azalea":2},"minecraft:picked_up":{"minecraft:oak_log":4,"minecraft:azalea":3,"minecraft:oak_sapling":5,"minecraft:dirt":9,"minecraft:cobblestone":95}},"DataVersion":3465}