{"stats":{"minecraft:custom":{"minecraft:time_since_rest":54152,"minecraft:interact_with_furnace":7,"minecraft:sprint_one_cm":52225,"minecraft:walk_one_cm":102678,"minecraft:drop":8,"minecraft:damage_dealt":97,"minecraft:interact_with_crafting_table":10,"minecraft:fly_one_cm":1130,"minecraft:open_chest":29,"minecraft:crouch_one_cm":31674,"minecraft:play_time":54152,"minecraft:sneak_time":9414,"minecraft:walk_under_water_one_cm":609,"minecraft:jump":120,"minecraft:leave_game":1,"minecraft:walk_on_water_one_cm":37032,"minecraft:time_since_death":54152,"minecraft:total_world_time":54152,"minecraft:fall_one_cm":685},"minecraft:broken":{"minecraft:stone_pickaxe":3},"minecraft:crafted":{"minecraft:oak_planks":16,"minecraft:charcoal":3,"minecraft:stick":8,"minecraft:wooden_pickaxe":1,"minecraft:stone_pickaxe":2,"minecraft:furnace":1,"minecraft:torch":2,"minecraft:stone_axe":1},"minecraft:mined":{"minecraft:oak_sapling":3,"minecraft:oak_log":4,"minecraft:grass_block":1,"minecraft:chest":1,"minecraft:cobblestone":300,"minecraft:oak_leaves":35},"minecraft:used":{"minecraft:stone_pickaxe":273,"minecraft:chest":1,"minecraft:wooden_pickaxe":34,"minecraft:stone_axe":40,"minecraft:torch":4,"minecraft:dirt":3,"minecraft:cobblestone":91,"minecraft:sweet_berries":1,"minecraft:oak_sapling":6,"minecraft:furnace":1},"minecraft:dropped":{"minecraft:azalea":2,"minecraft:cobblestone":95,"minecraft:oak_planks":3,"minecraft:wooden_pickaxe":1},"minecraft:picked_up":{"minecraft:dark_oak_sapling":8,"minecraft:stick":2,"minecraft:wooden_pickaxe":1,"minecraft:oak_log":8,"minecraft:spruce_sapling":2,"minecraft:dirt":11,"minecraft:rotten_flesh":2,"minecraft:stone_pickaxe":1,"minecraft:cherry_sapling":2,"minecraft:jungle_sapling":8,"minecraft:azalea":3,"minecraft:oak_sapling":13,"minecraft:chest":1,"minecraft:birch_sapling":2,"minecraft:mangrove_propagule":2,"minecraft:acacia_sapling":2,"minecraft:cobblestone":283}},"DataVersion":3465}