{"stats":{"minecraft:custom":{"minecraft:time_since_rest":38990,"minecraft:open_chest":16,"minecraft:interact_with_furnace":5,"minecraft:crouch_one_cm":25247,"minecraft:sprint_one_cm":26510,"minecraft:play_time":38990,"minecraft:walk_one_cm":65451,"minecraft:sneak_time":8144,"minecraft:walk_under_water_one_cm":609,"minecraft:drop":6,"minecraft:jump":97,"minecraft:time_since_death":38990,"minecraft:walk_on_water_one_cm":36747,"minecraft:total_world_time":38990,"minecraft:interact_with_crafting_table":8,"minecraft:fall_one_cm":476},"minecraft:broken":{"minecraft:stone_pickaxe":1},"minecraft:crafted":{"minecraft:furnace":1,"minecraft:oak_planks":16,"minecraft:torch":2,"minecraft:charcoal":3,"minecraft:stick":8,"minecraft:wooden_pickaxe":1,"minecraft:stone_pickaxe":2},"minecraft:mined":{"minecraft:grass_block":1,"minecraft:oak_sapling":1,"minecraft:cobblestone":235},"minecraft:used":{"minecraft:torch":3,"minecraft:dirt":3,"minecraft:cobblestone":91,"minecraft:furnace":1,"minecraft:oak_sapling":5,"minecraft:stone_pickaxe":232,"minecraft:wooden_pickaxe":4},"minecraft:dropped":{"minecraft:cobblestone":31,"minecraft:oak_planks":3,"minecraft:wooden_pickaxe":1,"minecraft:azalea":2},"minecraft:picked_up":{"minecraft:stick":1,"minecraft:oak_log":4,"minecraft:azalea":3,"minecraft:oak_sapling":6,"minecraft:dirt":11,"minecraft:cobblestone":181}},"DataVersion":3465}