{"stats":{"minecraft:custom":{"minecraft:open_chest":15,"minecraft:time_since_rest":25869,"minecraft:damage_taken":220,"minecraft:interact_with_furnace":7,"minecraft:crouch_one_cm":20852,"minecraft:play_time":25869,"minecraft:sprint_one_cm":12851,"minecraft:walk_one_cm":58949,"minecraft:sneak_time":5378,"minecraft:walk_under_water_one_cm":343,"minecraft:drop":1,"minecraft:jump":131,"minecraft:damage_dealt":63,"minecraft:time_since_death":25869,"minecraft:walk_on_water_one_cm":2431,"minecraft:total_world_time":25869,"minecraft:interact_with_crafting_table":4,"minecraft:fall_one_cm":627,"minecraft:fly_one_cm":24739},"minecraft:broken":{"minecraft:stone_pickaxe":1},"minecraft:crafted":{"minecraft:oak_planks":4,"minecraft:charcoal":4,"minecraft:stone_pickaxe":1,"minecraft:air":0},"minecraft:mined":{"minecraft:grass_block":5,"minecraft:oak_log":9,"minecraft:cave_vines":1,"minecraft:flowering_azalea_leaves":5,"minecraft:oak_sapling":1,"minecraft:dirt":14,"minecraft:cobblestone":262,"minecraft:azalea_leaves":30,"minecraft:oak_leaves":28,"minecraft:cave_vines_plant":1},"minecraft:used":{"minecraft:glow_berries":1,"minecraft:cobblestone":129,"minecraft:stone_pickaxe":265,"minecraft:wooden_pickaxe":5,"minecraft:dirt":2},"minecraft:dropped":{"minecraft:cobblestone":8},"minecraft:picked_up":{"minecraft:stick":3,"minecraft:wooden_pickaxe":1,"minecraft:stone_pickaxe":1,"minecraft:oak_log":7,"minecraft:azalea":2,"minecraft:glow_berries":2,"minecraft:dirt":15,"minecraft:cobblestone":169}},"DataVersion":3465}