{"stats":{"minecraft:custom":{"minecraft:jump":7,"minecraft:time_since_rest":1869,"minecraft:damage_dealt":20,"minecraft:crouch_one_cm":255,"minecraft:play_time":1869,"minecraft:walk_on_water_one_cm":788,"minecraft:time_since_death":1869,"minecraft:walk_one_cm":3817,"minecraft:sneak_time":40,"minecraft:total_world_time":1869,"minecraft:walk_under_water_one_cm":55},"minecraft:mined":{"minecraft:cobblestone":3},"minecraft:used":{"minecraft:wooden_pickaxe":4},"minecraft:picked_up":{"minecraft:stick":1,"minecraft:wooden_pickaxe":1,"minecraft:cobblestone":1}},"DataVersion":3465}