{"stats":{"minecraft:custom":{"minecraft:time_since_rest":439,"minecraft:interact_with_furnace":9,"minecraft:sprint_one_cm":60255,"minecraft:damage_taken":754,"minecraft:walk_one_cm":193146,"minecraft:mob_kills":1,"minecraft:drop":9,"minecraft:damage_dealt":349,"minecraft:interact_with_crafting_table":22,"minecraft:fly_one_cm":65603,"minecraft:open_chest":62,"minecraft:crouch_one_cm":66950,"minecraft:deaths":3,"minecraft:play_time":67869,"minecraft:sneak_time":17401,"minecraft:walk_under_water_one_cm":432,"minecraft:jump":479,"minecraft:walk_on_water_one_cm":3277,"minecraft:time_since_death":405,"minecraft:total_world_time":67869,"minecraft:fall_one_cm":6661},"minecraft:broken":{"minecraft:stone_pickaxe":2},"minecraft:crafted":{"minecraft:oak_planks":152,"minecraft:charcoal":4,"minecraft:stick":44,"minecraft:stone_pickaxe":3,"minecraft:stone_sword":1,"minecraft:stone_axe":1,"minecraft:oak_fence":66,"minecraft:campfire":1,"minecraft:air":0},"minecraft:mined":{"minecraft:oak_sapling":1,"minecraft:carrots":1,"minecraft:sweet_berry_bush":1,"minecraft:medium_amethyst_bud":1,"minecraft:oak_fence":3,"minecraft:cave_vines_plant":1,"minecraft:calcite":4,"minecraft:grass_block":20,"minecraft:oak_log":28,"minecraft:cave_vines":1,"minecraft:flowering_azalea_leaves":5,"minecraft:campfire":1,"minecraft:dirt":28,"minecraft:cobblestone":566,"minecraft:smooth_basalt":1,"minecraft:azalea_leaves":30,"minecraft:sculk":1,"minecraft:oak_leaves":32},"minecraft:killed":{"minecraft:zombie":1},"minecraft:killed_by":{"minecraft:skeleton":1},"minecraft:used":{"minecraft:calcite":2,"minecraft:oak_fence":66,"minecraft:stone_sword":7,"minecraft:stone_pickaxe":582,"minecraft:wooden_pickaxe":7,"minecraft:stone_axe":23,"minecraft:glow_berries":1,"minecraft:dirt":12,"minecraft:cobblestone":585,"minecraft:sweet_berries":1,"minecraft:oak_sapling":9,"minecraft:carrot":1,"minecraft:campfire":1},"minecraft:dropped":{"minecraft:cobblestone":43,"minecraft:wooden_pickaxe":1,"minecraft:stone_pickaxe":1},"minecraft:picked_up":{"minecraft:charcoal":4,"minecraft:stick":9,"minecraft:sweet_berries":1,"minecraft:oak_fence":6,"minecraft:torch":2,"minecraft:wooden_pickaxe":1,"minecraft:oak_log":26,"minecraft:carrot":1,"minecraft:dirt":44,"minecraft:stone_sword":1,"minecraft:rotten_flesh":2,"minecraft:stone_axe":1,"minecraft:stone_pickaxe":2,"minecraft:calcite":4,"minecraft:azalea":2,"minecraft:oak_sapling":6,"minecraft:glow_berries":2,"minecraft:oak_planks":38,"minecraft:cobblestone":625}},"DataVersion":3465}