{"stats":{"minecraft:custom":{"minecraft:time_since_rest":8653,"minecraft:interact_with_furnace":9,"minecraft:sprint_one_cm":24995,"minecraft:damage_taken":514,"minecraft:walk_one_cm":114880,"minecraft:drop":9,"minecraft:damage_dealt":63,"minecraft:interact_with_crafting_table":12,"minecraft:fly_one_cm":44361,"minecraft:open_chest":43,"minecraft:crouch_one_cm":49039,"minecraft:deaths":2,"minecraft:play_time":49869,"minecraft:sneak_time":12278,"minecraft:walk_under_water_one_cm":432,"minecraft:jump":295,"minecraft:walk_on_water_one_cm":3233,"minecraft:time_since_death":8630,"minecraft:total_world_time":49869,"minecraft:fall_one_cm":1734},"minecraft:broken":{"minecraft:stone_pickaxe":1},"minecraft:crafted":{"minecraft:oak_planks":4,"minecraft:charcoal":4,"minecraft:stone_pickaxe":2,"minecraft:campfire":1,"minecraft:air":0},"minecraft:mined":{"minecraft:oak_sapling":1,"minecraft:carrots":1,"minecraft:medium_amethyst_bud":1,"minecraft:cave_vines_plant":1,"minecraft:calcite":4,"minecraft:grass_block":20,"minecraft:oak_log":9,"minecraft:cave_vines":1,"minecraft:flowering_azalea_leaves":5,"minecraft:dirt":27,"minecraft:cobblestone":440,"minecraft:smooth_basalt":1,"minecraft:azalea_leaves":30,"minecraft:sculk":1,"minecraft:oak_leaves":28},"minecraft:killed_by":{"minecraft:skeleton":1},"minecraft:used":{"minecraft:calcite":2,"minecraft:stone_pickaxe":452,"minecraft:wooden_pickaxe":7,"minecraft:glow_berries":1,"minecraft:dirt":10,"minecraft:cobblestone":333,"minecraft:oak_sapling":6,"minecraft:carrot":1,"minecraft:campfire":1},"minecraft:dropped":{"minecraft:cobblestone":43,"minecraft:wooden_pickaxe":1,"minecraft:stone_pickaxe":1},"minecraft:picked_up":{"minecraft:stick":3,"minecraft:wooden_pickaxe":1,"minecraft:oak_log":7,"minecraft:carrot":1,"minecraft:dirt":43,"minecraft:stone_pickaxe":1,"minecraft:calcite":4,"minecraft:azalea":2,"minecraft:oak_sapling":1,"minecraft:glow_berries":2,"minecraft:cobblestone":316}},"DataVersion":3465}