{"stats":{"minecraft:custom":{"minecraft:time_since_rest":10680,"minecraft:interact_with_furnace":8,"minecraft:sprint_one_cm":24919,"minecraft:damage_taken":304,"minecraft:walk_one_cm":84010,"minecraft:drop":4,"minecraft:damage_dealt":63,"minecraft:interact_with_crafting_table":7,"minecraft:fly_one_cm":44145,"minecraft:open_chest":24,"minecraft:crouch_one_cm":34534,"minecraft:deaths":1,"minecraft:play_time":37869,"minecraft:sneak_time":8268,"minecraft:walk_under_water_one_cm":343,"minecraft:jump":238,"minecraft:walk_on_water_one_cm":2431,"minecraft:time_since_death":10650,"minecraft:total_world_time":37869,"minecraft:fall_one_cm":838},"minecraft:broken":{"minecraft:stone_pickaxe":1},"minecraft:crafted":{"minecraft:oak_planks":4,"minecraft:charcoal":4,"minecraft:stone_pickaxe":2,"minecraft:air":0},"minecraft:mined":{"minecraft:oak_sapling":1,"minecraft:medium_amethyst_bud":1,"minecraft:cave_vines_plant":1,"minecraft:calcite":4,"minecraft:grass_block":5,"minecraft:oak_log":9,"minecraft:cave_vines":1,"minecraft:flowering_azalea_leaves":5,"minecraft:dirt":14,"minecraft:cobblestone":350,"minecraft:smooth_basalt":1,"minecraft:azalea_leaves":30,"minecraft:sculk":1,"minecraft:oak_leaves":28},"minecraft:killed_by":{"minecraft:skeleton":1},"minecraft:used":{"minecraft:calcite":2,"minecraft:stone_pickaxe":360,"minecraft:wooden_pickaxe":5,"minecraft:glow_berries":1,"minecraft:dirt":2,"minecraft:cobblestone":248},"minecraft:dropped":{"minecraft:cobblestone":38,"minecraft:wooden_pickaxe":1,"minecraft:stone_pickaxe":1},"minecraft:picked_up":{"minecraft:stick":3,"minecraft:wooden_pickaxe":1,"minecraft:oak_log":7,"minecraft:dirt":15,"minecraft:stone_pickaxe":1,"minecraft:calcite":4,"minecraft:azalea":2,"minecraft:oak_sapling":1,"minecraft:glow_berries":2,"minecraft:cobblestone":237}},"DataVersion":3465}