{"stats":{"minecraft:custom":{"minecraft:open_chest":3,"minecraft:time_since_rest":13869,"minecraft:damage_taken":130,"minecraft:interact_with_furnace":1,"minecraft:crouch_one_cm":9909,"minecraft:play_time":13869,"minecraft:sprint_one_cm":2278,"minecraft:walk_one_cm":29909,"minecraft:sneak_time":2581,"minecraft:walk_under_water_one_cm":193,"minecraft:jump":40,"minecraft:damage_dealt":47,"minecraft:time_since_death":13869,"minecraft:walk_on_water_one_cm":1765,"minecraft:total_world_time":13869,"minecraft:fly_one_cm":3890},"minecraft:mined":{"minecraft:grass_block":1,"minecraft:oak_log":8,"minecraft:cave_vines":1,"minecraft:flowering_azalea_leaves":5,"minecraft:oak_sapling":1,"minecraft:cobblestone":154,"minecraft:azalea_leaves":30,"minecraft:cave_vines_plant":1},"minecraft:used":{"minecraft:glow_berries":1,"minecraft:cobblestone":65,"minecraft:stone_pickaxe":152,"minecraft:wooden_pickaxe":5},"minecraft:picked_up":{"minecraft:stick":3,"minecraft:wooden_pickaxe":1,"minecraft:stone_pickaxe":1,"minecraft:oak_log":7,"minecraft:azalea":2,"minecraft:glow_berries":2,"minecraft:dirt":1,"minecraft:cobblestone":89}},"DataVersion":3465}