{"stats":{"minecraft:killed":{"minecraft:zombie":1,"minecraft:spider":1},"minecraft:dropped":{"minecraft:oak_log":2},"minecraft:mined":{"minecraft:oak_sapling":2,"minecraft:sweet_berry_bush":1,"minecraft:oak_fence":2,"minecraft:torch":3,"minecraft:grass_block":2,"minecraft:oak_log":66,"minecraft:melon":1,"minecraft:cobblestone_slab":12,"minecraft:dirt":10,"minecraft:cobblestone":133,"minecraft:oak_leaves":15},"minecraft:broken":{"minecraft:stone_pickaxe":1},"minecraft:custom":{"minecraft:time_since_rest":39474,"minecraft:interact_with_furnace":10,"minecraft:sprint_one_cm":150989,"minecraft:damage_taken":945,"minecraft:walk_one_cm":264246,"minecraft:mob_kills":3,"minecraft:drop":1,"minecraft:damage_dealt":544,"minecraft:talked_to_villager":1,"minecraft:interact_with_crafting_table":9,"minecraft:fly_one_cm":108425,"minecraft:open_chest":69,"minecraft:walk_under_water_one_cm":4986,"minecraft:crouch_one_cm":43058,"minecraft:play_time":83732,"minecraft:deaths":3,"minecraft:sneak_time":14131,"minecraft:jump":647,"minecraft:walk_on_water_one_cm":1640,"minecraft:time_since_death":39441,"minecraft:total_world_time":83732,"minecraft:fall_one_cm":4657},"minecraft:used":{"minecraft:oak_log":5,"minecraft:oak_fence":2,"minecraft:water_bucket":2,"minecraft:stone_pickaxe":162,"minecraft:cobblestone_slab":1016,"minecraft:rotten_flesh":2,"minecraft:stone_axe":79,"minecraft:torch":10,"minecraft:dirt":6,"minecraft:cobblestone":15,"minecraft:sweet_berries":31,"minecraft:oak_sapling":10,"minecraft:bucket":2},"minecraft:crafted":{"minecraft:oak_planks":8,"minecraft:cobblestone_slab":684,"minecraft:charcoal":14,"minecraft:stick":4,"minecraft:stone_pickaxe":1,"minecraft:torch":12,"minecraft:stone_axe":1,"minecraft:air":0},"minecraft:picked_up":{"minecraft:stick":23,"minecraft:sweet_berries":28,"minecraft:oak_fence":2,"minecraft:torch":6,"minecraft:oak_log":63,"minecraft:string":2,"minecraft:dirt":9,"minecraft:arrow":2,"minecraft:bone":1,"minecraft:rotten_flesh":2,"minecraft:apple":2,"minecraft:cobblestone_slab":332,"minecraft:oak_sapling":24,"minecraft:melon_slice":4,"minecraft:cobblestone":108}},"DataVersion":3465}