{"stats":{"minecraft:killed":{"minecraft:spider":1},"minecraft:mined":{"minecraft:oak_fence":1,"minecraft:torch":1,"minecraft:oak_log":31,"minecraft:melon":1,"minecraft:cobblestone_slab":3,"minecraft:dirt":7,"minecraft:cobblestone":7,"minecraft:oak_leaves":8},"minecraft:custom":{"minecraft:time_since_rest":235,"minecraft:interact_with_furnace":3,"minecraft:sprint_one_cm":31233,"minecraft:damage_taken":275,"minecraft:walk_one_cm":58710,"minecraft:mob_kills":1,"minecraft:damage_dealt":253,"minecraft:interact_with_crafting_table":1,"minecraft:fly_one_cm":15771,"minecraft:open_chest":22,"minecraft:crouch_one_cm":4526,"minecraft:play_time":17732,"minecraft:deaths":1,"minecraft:sneak_time":1566,"minecraft:jump":132,"minecraft:time_since_death":199,"minecraft:total_world_time":17732,"minecraft:fall_one_cm":2090},"minecraft:used":{"minecraft:oak_log":5,"minecraft:oak_fence":1,"minecraft:stone_pickaxe":27,"minecraft:cobblestone_slab":131,"minecraft:rotten_flesh":2,"minecraft:stone_axe":33,"minecraft:torch":1,"minecraft:dirt":2,"minecraft:cobblestone":15,"minecraft:oak_sapling":2},"minecraft:crafted":{"minecraft:oak_planks":8,"minecraft:stick":4,"minecraft:stone_pickaxe":1,"minecraft:stone_axe":1},"minecraft:picked_up":{"minecraft:stick":5,"minecraft:oak_fence":1,"minecraft:torch":1,"minecraft:oak_log":31,"minecraft:dirt":5,"minecraft:rotten_flesh":2,"minecraft:apple":1,"minecraft:cobblestone_slab":259,"minecraft:oak_sapling":10,"minecraft:melon_slice":4,"minecraft:cobblestone":7}},"DataVersion":3465}