{"stats":{"minecraft:killed":{"minecraft:zombie":1,"minecraft:spider":1},"minecraft:dropped":{"minecraft:dirt":6,"minecraft:oak_log":2,"minecraft:melon_seeds":1},"minecraft:mined":{"minecraft:oak_sapling":2,"minecraft:farmland":3,"minecraft:sweet_berry_bush":1,"minecraft:oak_fence":2,"minecraft:torch":3,"minecraft:grass_block":5,"minecraft:oak_log":80,"minecraft:melon":1,"minecraft:cobblestone_slab":20,"minecraft:dirt":13,"minecraft:cobblestone":178,"minecraft:oak_leaves":15},"minecraft:broken":{"minecraft:stone_pickaxe":1},"minecraft:custom":{"minecraft:time_since_rest":51474,"minecraft:interact_with_furnace":10,"minecraft:sprint_one_cm":164698,"minecraft:damage_taken":945,"minecraft:walk_one_cm":316201,"minecraft:mob_kills":3,"minecraft:drop":3,"minecraft:damage_dealt":544,"minecraft:talked_to_villager":1,"minecraft:interact_with_crafting_table":10,"minecraft:fly_one_cm":112820,"minecraft:open_chest":74,"minecraft:walk_under_water_one_cm":4986,"minecraft:crouch_one_cm":45041,"minecraft:play_time":95732,"minecraft:deaths":3,"minecraft:sneak_time":14850,"minecraft:jump":717,"minecraft:walk_on_water_one_cm":4042,"minecraft:time_since_death":51441,"minecraft:total_world_time":95732,"minecraft:fall_one_cm":4657},"minecraft:used":{"minecraft:oak_log":8,"minecraft:oak_fence":2,"minecraft:water_bucket":7,"minecraft:lava_bucket":1,"minecraft:stone_pickaxe":215,"minecraft:cobblestone_slab":1115,"minecraft:rotten_flesh":2,"minecraft:stone_axe":100,"minecraft:torch":10,"minecraft:dirt":6,"minecraft:cobblestone":51,"minecraft:sweet_berries":31,"minecraft:oak_sapling":11,"minecraft:bucket":8},"minecraft:crafted":{"minecraft:oak_planks":8,"minecraft:cobblestone_slab":774,"minecraft:charcoal":14,"minecraft:stick":4,"minecraft:stone_pickaxe":1,"minecraft:torch":12,"minecraft:stone_axe":1,"minecraft:air":0},"minecraft:picked_up":{"minecraft:stick":27,"minecraft:sweet_berries":28,"minecraft:lead":1,"minecraft:oak_fence":2,"minecraft:torch":7,"minecraft:oak_log":77,"minecraft:string":2,"minecraft:dirt":15,"minecraft:arrow":2,"minecraft:bone":1,"minecraft:rotten_flesh":2,"minecraft:apple":2,"minecraft:wheat_seeds":5,"minecraft:cobblestone_slab":342,"minecraft:oak_sapling":25,"minecraft:melon_slice":4,"minecraft:melon_seeds":2,"minecraft:cobblestone":148}},"DataVersion":3465}