{"stats":{"minecraft:killed":{"minecraft:spider":1},"minecraft:dropped":{"minecraft:oak_log":2},"minecraft:mined":{"minecraft:oak_sapling":1,"minecraft:oak_fence":1,"minecraft:torch":1,"minecraft:grass_block":2,"minecraft:oak_log":36,"minecraft:melon":1,"minecraft:cobblestone_slab":5,"minecraft:dirt":9,"minecraft:cobblestone":10,"minecraft:oak_leaves":8},"minecraft:custom":{"minecraft:time_since_rest":12235,"minecraft:interact_with_furnace":5,"minecraft:sprint_one_cm":50098,"minecraft:damage_taken":275,"minecraft:walk_one_cm":96539,"minecraft:mob_kills":1,"minecraft:drop":1,"minecraft:damage_dealt":271,"minecraft:interact_with_crafting_table":2,"minecraft:fly_one_cm":31859,"minecraft:open_chest":37,"minecraft:crouch_one_cm":12513,"minecraft:play_time":29732,"minecraft:deaths":1,"minecraft:sneak_time":4086,"minecraft:jump":228,"minecraft:walk_on_water_one_cm":218,"minecraft:time_since_death":12199,"minecraft:total_world_time":29732,"minecraft:fall_one_cm":2837},"minecraft:used":{"minecraft:oak_log":5,"minecraft:oak_fence":1,"minecraft:stone_pickaxe":32,"minecraft:cobblestone_slab":260,"minecraft:rotten_flesh":2,"minecraft:stone_axe":38,"minecraft:torch":5,"minecraft:dirt":5,"minecraft:cobblestone":15,"minecraft:sweet_berries":2,"minecraft:oak_sapling":6},"minecraft:crafted":{"minecraft:oak_planks":8,"minecraft:charcoal":3,"minecraft:stick":4,"minecraft:stone_pickaxe":1,"minecraft:torch":12,"minecraft:stone_axe":1,"minecraft:air":0},"minecraft:picked_up":{"minecraft:stick":7,"minecraft:sweet_berries":2,"minecraft:oak_fence":1,"minecraft:torch":1,"minecraft:oak_log":33,"minecraft:string":2,"minecraft:dirt":8,"minecraft:arrow":2,"minecraft:bone":1,"minecraft:rotten_flesh":2,"minecraft:apple":1,"minecraft:cobblestone_slab":324,"minecraft:oak_sapling":12,"minecraft:melon_slice":4,"minecraft:cobblestone":7}},"DataVersion":3465}