{"stats":{"minecraft:killed":{"minecraft:spider":1,"minecraft:zombie":2},"minecraft:dropped":{"minecraft:water_bucket":1,"minecraft:oak_log":2,"minecraft:cherry_sapling":1,"minecraft:dirt":6,"minecraft:melon_seeds":1,"minecraft:arrow":3},"minecraft:mined":{"minecraft:oak_sapling":2,"minecraft:farmland":3,"minecraft:oak_fence":2,"minecraft:crafting_table":1,"minecraft:torch":3,"minecraft:grass_block":5,"minecraft:melon":1,"minecraft:chest":5,"minecraft:cobblestone":684,"minecraft:furnace":1,"minecraft:sweet_berry_bush":1,"minecraft:oak_log":84,"minecraft:cobblestone_slab":23,"minecraft:cherry_leaves":2,"minecraft:dirt":13,"minecraft:oak_leaves":17},"minecraft:broken":{"minecraft:stone_pickaxe":5},"minecraft:custom":{"minecraft:interact_with_furnace":10,"minecraft:mob_kills":4,"minecraft:interact_with_crafting_table":21,"minecraft:time_since_death":9707,"minecraft:climb_one_cm":11427,"minecraft:time_since_rest":9759,"minecraft:sprint_one_cm":206255,"minecraft:damage_taken":1495,"minecraft:walk_one_cm":445564,"minecraft:drop":6,"minecraft:damage_dealt":760,"minecraft:talked_to_villager":2,"minecraft:fly_one_cm":141561,"minecraft:player_kills":1,"minecraft:open_chest":159,"minecraft:crouch_one_cm":54105,"minecraft:play_time":155732,"minecraft:deaths":5,"minecraft:sneak_time":17822,"minecraft:walk_under_water_one_cm":5084,"minecraft:jump":982,"minecraft:walk_on_water_one_cm":4381,"minecraft:total_world_time":155732,"minecraft:fall_one_cm":9893},"minecraft:used":{"minecraft:oak_fence":2,"minecraft:water_bucket":9,"minecraft:stone_pickaxe":735,"minecraft:ladder":27,"minecraft:chest":7,"minecraft:cobblestone_slab":1118,"minecraft:rotten_flesh":2,"minecraft:torch":10,"minecraft:dirt":6,"minecraft:crafting_table":1,"minecraft:oak_log":8,"minecraft:lava_bucket":3,"minecraft:stone_axe":120,"minecraft:cobblestone":191,"minecraft:sweet_berries":31,"minecraft:furnace":1,"minecraft:oak_sapling":11,"minecraft:bucket":12},"minecraft:crafted":{"minecraft:oak_planks":40,"minecraft:cobblestone_slab":816,"minecraft:stone_axe":1,"minecraft:air":0,"minecraft:charcoal":14,"minecraft:ladder":27,"minecraft:stick":68,"minecraft:stone_pickaxe":6,"minecraft:stone_sword":2,"minecraft:chest":2,"minecraft:torch":12},"minecraft:picked_up":{"minecraft:charcoal":20,"minecraft:cocoa_beans":1,"minecraft:crafting_table":1,"minecraft:wheat":4,"minecraft:lead":1,"minecraft:potato":8,"minecraft:oak_log":113,"minecraft:dirt":16,"minecraft:string":2,"minecraft:bone":1,"minecraft:apple":3,"minecraft:kelp":1,"minecraft:wheat_seeds":6,"minecraft:stone_pickaxe":1,"minecraft:rose_bush":1,"minecraft:cobblestone_slab":359,"minecraft:calcite":2,"minecraft:azalea":3,"minecraft:poppy":1,"minecraft:bamboo":1,"minecraft:melon_slice":30,"minecraft:sugar_cane":1,"minecraft:chest":4,"minecraft:stone_hoe":1,"minecraft:oak_planks":22,"minecraft:furnace":1,"minecraft:oak_slab":5,"minecraft:stick":53,"minecraft:glow_lichen":1,"minecraft:sweet_berries":28,"minecraft:oak_fence":2,"minecraft:torch":7,"minecraft:dandelion":1,"minecraft:cherry_log":41,"minecraft:pumpkin_seeds":1,"minecraft:arrow":5,"minecraft:rotten_flesh":4,"minecraft:stone_axe":4,"minecraft:beetroot_seeds":1,"minecraft:cherry_sapling":14,"minecraft:oak_sapling":25,"minecraft:glow_berries":2,"minecraft:melon_seeds":3,"minecraft:cobblestone":556}},"DataVersion":3465}