{"stats":{"minecraft:killed":{"minecraft:spider":1},"minecraft:dropped":{"minecraft:oak_log":2},"minecraft:mined":{"minecraft:oak_sapling":1,"minecraft:oak_fence":1,"minecraft:torch":3,"minecraft:grass_block":2,"minecraft:oak_log":47,"minecraft:melon":1,"minecraft:cobblestone_slab":8,"minecraft:dirt":9,"minecraft:cobblestone":10,"minecraft:oak_leaves":9},"minecraft:custom":{"minecraft:time_since_rest":24235,"minecraft:interact_with_furnace":6,"minecraft:sprint_one_cm":78927,"minecraft:damage_taken":275,"minecraft:walk_one_cm":136899,"minecraft:mob_kills":1,"minecraft:drop":1,"minecraft:damage_dealt":281,"minecraft:interact_with_crafting_table":3,"minecraft:fly_one_cm":54055,"minecraft:open_chest":46,"minecraft:crouch_one_cm":19775,"minecraft:play_time":41732,"minecraft:deaths":1,"minecraft:sneak_time":7228,"minecraft:jump":347,"minecraft:walk_on_water_one_cm":218,"minecraft:time_since_death":24199,"minecraft:total_world_time":41732,"minecraft:fall_one_cm":2837},"minecraft:used":{"minecraft:oak_log":5,"minecraft:oak_fence":1,"minecraft:stone_pickaxe":35,"minecraft:cobblestone_slab":499,"minecraft:rotten_flesh":2,"minecraft:stone_axe":49,"minecraft:torch":10,"minecraft:dirt":5,"minecraft:cobblestone":15,"minecraft:sweet_berries":8,"minecraft:oak_sapling":8},"minecraft:crafted":{"minecraft:oak_planks":8,"minecraft:cobblestone_slab":234,"minecraft:charcoal":3,"minecraft:stick":4,"minecraft:stone_pickaxe":1,"minecraft:torch":12,"minecraft:stone_axe":1,"minecraft:air":0},"minecraft:picked_up":{"minecraft:stick":13,"minecraft:sweet_berries":7,"minecraft:oak_fence":1,"minecraft:torch":6,"minecraft:oak_log":44,"minecraft:string":2,"minecraft:dirt":8,"minecraft:arrow":2,"minecraft:bone":1,"minecraft:rotten_flesh":2,"minecraft:apple":1,"minecraft:cobblestone_slab":327,"minecraft:oak_sapling":17,"minecraft:melon_slice":4,"minecraft:cobblestone":9}},"DataVersion":3465}