{"stats":{"minecraft:killed":{"minecraft:spider":1,"minecraft:zombie":1},"minecraft:dropped":{"minecraft:water_bucket":1,"minecraft:oak_log":2,"minecraft:dirt":6,"minecraft:melon_seeds":1},"minecraft:mined":{"minecraft:oak_sapling":2,"minecraft:farmland":3,"minecraft:oak_fence":2,"minecraft:crafting_table":1,"minecraft:torch":3,"minecraft:grass_block":5,"minecraft:melon":1,"minecraft:chest":3,"minecraft:cobblestone":267,"minecraft:furnace":1,"minecraft:sweet_berry_bush":1,"minecraft:oak_log":84,"minecraft:cobblestone_slab":20,"minecraft:dirt":13,"minecraft:oak_leaves":17},"minecraft:broken":{"minecraft:stone_pickaxe":2},"minecraft:custom":{"minecraft:interact_with_furnace":10,"minecraft:mob_kills":3,"minecraft:interact_with_crafting_table":14,"minecraft:time_since_death":63441,"minecraft:time_since_rest":63474,"minecraft:sprint_one_cm":169616,"minecraft:damage_taken":965,"minecraft:walk_one_cm":349788,"minecraft:drop":4,"minecraft:damage_dealt":544,"minecraft:talked_to_villager":2,"minecraft:fly_one_cm":118205,"minecraft:open_chest":98,"minecraft:crouch_one_cm":45041,"minecraft:play_time":107732,"minecraft:deaths":3,"minecraft:sneak_time":14852,"minecraft:walk_under_water_one_cm":4986,"minecraft:jump":779,"minecraft:walk_on_water_one_cm":4042,"minecraft:total_world_time":107732,"minecraft:fall_one_cm":5133},"minecraft:used":{"minecraft:oak_fence":2,"minecraft:water_bucket":7,"minecraft:stone_pickaxe":305,"minecraft:chest":4,"minecraft:cobblestone_slab":1115,"minecraft:rotten_flesh":2,"minecraft:torch":10,"minecraft:dirt":6,"minecraft:crafting_table":1,"minecraft:oak_log":8,"minecraft:lava_bucket":1,"minecraft:stone_axe":109,"minecraft:cobblestone":52,"minecraft:sweet_berries":31,"minecraft:furnace":1,"minecraft:oak_sapling":11,"minecraft:bucket":8},"minecraft:crafted":{"minecraft:oak_planks":8,"minecraft:cobblestone_slab":774,"minecraft:stone_axe":1,"minecraft:air":0,"minecraft:charcoal":14,"minecraft:stick":4,"minecraft:stone_pickaxe":3,"minecraft:chest":2,"minecraft:torch":12},"minecraft:picked_up":{"minecraft:charcoal":20,"minecraft:cocoa_beans":1,"minecraft:crafting_table":1,"minecraft:wheat":4,"minecraft:lead":1,"minecraft:potato":8,"minecraft:oak_log":109,"minecraft:dirt":16,"minecraft:string":2,"minecraft:bone":1,"minecraft:apple":3,"minecraft:kelp":1,"minecraft:wheat_seeds":6,"minecraft:cobblestone_slab":355,"minecraft:calcite":2,"minecraft:azalea":3,"minecraft:poppy":1,"minecraft:bamboo":1,"minecraft:melon_slice":30,"minecraft:sugar_cane":1,"minecraft:chest":2,"minecraft:oak_planks":22,"minecraft:furnace":1,"minecraft:oak_slab":5,"minecraft:stick":27,"minecraft:glow_lichen":1,"minecraft:sweet_berries":28,"minecraft:oak_fence":2,"minecraft:torch":7,"minecraft:dandelion":1,"minecraft:pumpkin_seeds":1,"minecraft:arrow":2,"minecraft:rotten_flesh":2,"minecraft:stone_axe":2,"minecraft:beetroot_seeds":1,"minecraft:oak_sapling":25,"minecraft:glow_berries":2,"minecraft:melon_seeds":3,"minecraft:cobblestone":222}},"DataVersion":3465}