{"stats":{"minecraft:killed":{"minecraft:spider":1},"minecraft:dropped":{"minecraft:oak_log":2},"minecraft:mined":{"minecraft:oak_sapling":1,"minecraft:oak_fence":1,"minecraft:torch":3,"minecraft:grass_block":2,"minecraft:oak_log":51,"minecraft:melon":1,"minecraft:cobblestone_slab":10,"minecraft:dirt":9,"minecraft:cobblestone":86,"minecraft:oak_leaves":13},"minecraft:custom":{"minecraft:time_since_rest":9474,"minecraft:interact_with_furnace":7,"minecraft:sprint_one_cm":93060,"minecraft:damage_taken":775,"minecraft:walk_one_cm":158102,"minecraft:mob_kills":2,"minecraft:drop":1,"minecraft:damage_dealt":290,"minecraft:interact_with_crafting_table":4,"minecraft:fly_one_cm":74499,"minecraft:open_chest":57,"minecraft:crouch_one_cm":31167,"minecraft:play_time":53732,"minecraft:deaths":3,"minecraft:sneak_time":9935,"minecraft:jump":436,"minecraft:walk_on_water_one_cm":218,"minecraft:time_since_death":9441,"minecraft:total_world_time":53732,"minecraft:fall_one_cm":3104},"minecraft:used":{"minecraft:oak_log":5,"minecraft:oak_fence":1,"minecraft:stone_pickaxe":113,"minecraft:cobblestone_slab":689,"minecraft:rotten_flesh":2,"minecraft:stone_axe":57,"minecraft:torch":10,"minecraft:dirt":5,"minecraft:cobblestone":15,"minecraft:sweet_berries":8,"minecraft:oak_sapling":9},"minecraft:crafted":{"minecraft:oak_planks":8,"minecraft:cobblestone_slab":360,"minecraft:charcoal":14,"minecraft:stick":4,"minecraft:stone_pickaxe":1,"minecraft:torch":12,"minecraft:stone_axe":1,"minecraft:air":0},"minecraft:picked_up":{"minecraft:stick":15,"minecraft:sweet_berries":11,"minecraft:oak_fence":1,"minecraft:torch":6,"minecraft:oak_log":48,"minecraft:string":2,"minecraft:dirt":8,"minecraft:arrow":2,"minecraft:bone":1,"minecraft:rotten_flesh":2,"minecraft:apple":1,"minecraft:cobblestone_slab":329,"minecraft:oak_sapling":19,"minecraft:melon_slice":4,"minecraft:cobblestone":69}},"DataVersion":3465}