{"stats":{"minecraft:killed":{"minecraft:spider":1,"minecraft:zombie":2},"minecraft:dropped":{"minecraft:water_bucket":1,"minecraft:oak_log":2,"minecraft:cherry_sapling":1,"minecraft:dirt":6,"minecraft:gunpowder":2,"minecraft:melon_seeds":1,"minecraft:arrow":3,"minecraft:string":1},"minecraft:killed_by":{"minecraft:creeper":1,"minecraft:zombie":1},"minecraft:mined":{"minecraft:oak_sapling":2,"minecraft:farmland":3,"minecraft:oak_fence":2,"minecraft:crafting_table":1,"minecraft:torch":3,"minecraft:grass_block":5,"minecraft:melon":1,"minecraft:chest":5,"minecraft:cobblestone":702,"minecraft:furnace":1,"minecraft:sweet_berry_bush":1,"minecraft:oak_log":84,"minecraft:cobblestone_slab":23,"minecraft:cherry_leaves":2,"minecraft:dirt":13,"minecraft:oak_leaves":17},"minecraft:broken":{"minecraft:stone_pickaxe":5},"minecraft:custom":{"minecraft:interact_with_furnace":10,"minecraft:mob_kills":5,"minecraft:interact_with_crafting_table":21,"minecraft:leave_game":1,"minecraft:time_since_death":5455,"minecraft:climb_one_cm":14427,"minecraft:time_since_rest":5499,"minecraft:sprint_one_cm":215525,"minecraft:damage_taken":2085,"minecraft:walk_one_cm":464688,"minecraft:drop":9,"minecraft:damage_dealt":824,"minecraft:talked_to_villager":2,"minecraft:fly_one_cm":147745,"minecraft:player_kills":1,"minecraft:open_chest":173,"minecraft:crouch_one_cm":56070,"minecraft:play_time":165823,"minecraft:deaths":7,"minecraft:sneak_time":19722,"minecraft:walk_under_water_one_cm":7791,"minecraft:jump":1032,"minecraft:walk_on_water_one_cm":4747,"minecraft:total_world_time":165823,"minecraft:fish_caught":3,"minecraft:fall_one_cm":15142},"minecraft:used":{"minecraft:oak_fence":2,"minecraft:water_bucket":9,"minecraft:stone_pickaxe":753,"minecraft:ladder":28,"minecraft:chest":7,"minecraft:cobblestone_slab":1118,"minecraft:rotten_flesh":2,"minecraft:torch":10,"minecraft:dirt":6,"minecraft:crafting_table":1,"minecraft:oak_log":8,"minecraft:lava_bucket":3,"minecraft:stone_axe":120,"minecraft:fishing_rod":14,"minecraft:cobblestone":207,"minecraft:sweet_berries":31,"minecraft:furnace":1,"minecraft:oak_sapling":11,"minecraft:bucket":12},"minecraft:crafted":{"minecraft:oak_planks":40,"minecraft:cobblestone_slab":816,"minecraft:stone_axe":1,"minecraft:air":0,"minecraft:charcoal":14,"minecraft:ladder":27,"minecraft:stick":68,"minecraft:stone_pickaxe":6,"minecraft:stone_sword":2,"minecraft:chest":2,"minecraft:torch":12},"minecraft:picked_up":{"minecraft:charcoal":20,"minecraft:cocoa_beans":1,"minecraft:crafting_table":1,"minecraft:wheat":4,"minecraft:ladder":2,"minecraft:salmon":1,"minecraft:lead":1,"minecraft:potato":8,"minecraft:oak_log":113,"minecraft:gunpowder":3,"minecraft:dirt":16,"minecraft:string":4,"minecraft:bone":1,"minecraft:apple":3,"minecraft:kelp":1,"minecraft:wheat_seeds":6,"minecraft:stone_pickaxe":1,"minecraft:rose_bush":1,"minecraft:cobblestone_slab":359,"minecraft:calcite":2,"minecraft:azalea":3,"minecraft:poppy":1,"minecraft:bamboo":1,"minecraft:melon_slice":30,"minecraft:sugar_cane":1,"minecraft:chest":4,"minecraft:stone_hoe":1,"minecraft:oak_planks":22,"minecraft:furnace":1,"minecraft:oak_slab":5,"minecraft:stick":53,"minecraft:glow_lichen":1,"minecraft:sweet_berries":28,"minecraft:oak_fence":2,"minecraft:torch":7,"minecraft:dandelion":1,"minecraft:cherry_log":41,"minecraft:stone_sword":1,"minecraft:pumpkin_seeds":1,"minecraft:arrow":5,"minecraft:rotten_flesh":4,"minecraft:stone_axe":4,"minecraft:beetroot_seeds":1,"minecraft:cherry_sapling":14,"minecraft:oak_sapling":25,"minecraft:glow_berries":2,"minecraft:melon_seeds":3,"minecraft:cod":2,"minecraft:cobblestone":574}},"DataVersion":3465}