{"stats":{"minecraft:killed":{"minecraft:zombie":1,"minecraft:spider":1},"minecraft:dropped":{"minecraft:oak_log":2},"minecraft:mined":{"minecraft:oak_sapling":2,"minecraft:oak_fence":2,"minecraft:torch":3,"minecraft:grass_block":2,"minecraft:oak_log":51,"minecraft:melon":1,"minecraft:cobblestone_slab":12,"minecraft:dirt":10,"minecraft:cobblestone":87,"minecraft:oak_leaves":13},"minecraft:broken":{"minecraft:stone_pickaxe":1},"minecraft:custom":{"minecraft:time_since_rest":27474,"minecraft:interact_with_furnace":8,"minecraft:sprint_one_cm":128905,"minecraft:damage_taken":945,"minecraft:walk_one_cm":219062,"minecraft:mob_kills":3,"minecraft:drop":1,"minecraft:damage_dealt":544,"minecraft:talked_to_villager":1,"minecraft:interact_with_crafting_table":8,"minecraft:fly_one_cm":100772,"minecraft:open_chest":65,"minecraft:walk_under_water_one_cm":4986,"minecraft:crouch_one_cm":38660,"minecraft:play_time":71732,"minecraft:deaths":3,"minecraft:sneak_time":12653,"minecraft:jump":589,"minecraft:walk_on_water_one_cm":1386,"minecraft:time_since_death":27441,"minecraft:total_world_time":71732,"minecraft:fall_one_cm":4448},"minecraft:used":{"minecraft:oak_log":5,"minecraft:oak_fence":2,"minecraft:water_bucket":2,"minecraft:stone_pickaxe":116,"minecraft:cobblestone_slab":876,"minecraft:rotten_flesh":2,"minecraft:stone_axe":62,"minecraft:torch":10,"minecraft:dirt":6,"minecraft:cobblestone":15,"minecraft:sweet_berries":23,"minecraft:oak_sapling":10,"minecraft:bucket":2},"minecraft:crafted":{"minecraft:oak_planks":8,"minecraft:cobblestone_slab":552,"minecraft:charcoal":14,"minecraft:stick":4,"minecraft:stone_pickaxe":1,"minecraft:torch":12,"minecraft:stone_axe":1,"minecraft:air":0},"minecraft:picked_up":{"minecraft:stick":16,"minecraft:sweet_berries":23,"minecraft:oak_fence":2,"minecraft:torch":6,"minecraft:oak_log":48,"minecraft:string":2,"minecraft:dirt":9,"minecraft:arrow":2,"minecraft:bone":1,"minecraft:rotten_flesh":2,"minecraft:apple":1,"minecraft:cobblestone_slab":332,"minecraft:oak_sapling":21,"minecraft:melon_slice":4,"minecraft:cobblestone":70}},"DataVersion":3465}