{"stats":{"minecraft:mined":{"minecraft:oak_log":25,"minecraft:dirt":6,"minecraft:oak_leaves":8,"minecraft:oak_fence":1},"minecraft:custom":{"minecraft:time_since_rest":5732,"minecraft:open_chest":10,"minecraft:play_time":5732,"minecraft:sprint_one_cm":5243,"minecraft:damage_taken":50,"minecraft:walk_one_cm":18187,"minecraft:jump":36,"minecraft:damage_dealt":10,"minecraft:time_since_death":5732,"minecraft:total_world_time":5732,"minecraft:interact_with_crafting_table":1,"minecraft:fall_one_cm":1076,"minecraft:fly_one_cm":2028},"minecraft:used":{"minecraft:oak_log":5,"minecraft:oak_fence":1,"minecraft:stone_axe":27,"minecraft:cobblestone":8},"minecraft:crafted":{"minecraft:stone_axe":1,"minecraft:stick":4,"minecraft:stone_pickaxe":1},"minecraft:picked_up":{"minecraft:stick":2,"minecraft:oak_fence":1,"minecraft:oak_log":25,"minecraft:oak_sapling":5,"minecraft:cobblestone":2,"minecraft:dirt":5}},"DataVersion":3465}