{"stats":{"minecraft:killed":{"minecraft:zombie":3},"minecraft:dropped":{"minecraft:sugar_cane":1,"minecraft:oak_log":19,"minecraft:cobblestone":149,"minecraft:dirt":9,"minecraft:cobblestone_slab":384,"minecraft:torch":3,"minecraft:melon_slice":26,"minecraft:oak_sapling":1,"minecraft:stone_pickaxe":1},"minecraft:killed_by":{"minecraft:phantom":1,"minecraft:trader_llama":1},"minecraft:mined":{"minecraft:oak_sapling":1,"minecraft:farmland":5,"minecraft:dandelion":1,"minecraft:torch":7,"minecraft:grass_block":29,"minecraft:poppy":1,"minecraft:melon":4,"minecraft:chest":3,"minecraft:rose_bush":1,"minecraft:cobblestone":957,"minecraft:oak_planks":3,"minecraft:moss_block":4,"minecraft:pink_petals":1,"minecraft:seagrass":1,"minecraft:tall_seagrass":1,"minecraft:carrots":7,"minecraft:fire":7,"minecraft:wheat":8,"minecraft:ice":1,"minecraft:lilac":1,"minecraft:peony":1,"minecraft:grass":23,"minecraft:potatoes":3,"minecraft:oak_log":41,"minecraft:cobblestone_slab":33,"minecraft:sunflower":1,"minecraft:sand":3,"minecraft:dirt":30,"minecraft:oak_leaves":65},"minecraft:broken":{"minecraft:stone_pickaxe":7},"minecraft:custom":{"minecraft:interact_with_furnace":1,"minecraft:mob_kills":3,"minecraft:interact_with_crafting_table":19,"minecraft:leave_game":2,"minecraft:time_since_death":12242,"minecraft:time_since_rest":12347,"minecraft:walk_one_cm":671695,"minecraft:sprint_one_cm":74926,"minecraft:damage_taken":557,"minecraft:drop":28,"minecraft:damage_dealt":673,"minecraft:talked_to_villager":4,"minecraft:fly_one_cm":13610,"minecraft:open_chest":205,"minecraft:crouch_one_cm":197427,"minecraft:play_time":215565,"minecraft:deaths":2,"minecraft:sneak_time":96281,"minecraft:jump":960,"minecraft:walk_on_water_one_cm":5233,"minecraft:total_world_time":215565,"minecraft:fall_one_cm":15311},"minecraft:used":{"minecraft:wheat_seeds":9,"minecraft:moss_block":4,"minecraft:water_bucket":21,"minecraft:cobblestone_stairs":4,"minecraft:stone_pickaxe":997,"minecraft:oak_planks":3,"minecraft:chest":3,"minecraft:composter":1,"minecraft:cobblestone_slab":75,"minecraft:stone_hoe":51,"minecraft:torch":37,"minecraft:dirt":37,"minecraft:sand":3,"minecraft:crafting_table":1,"minecraft:carrot":22,"minecraft:obsidian":10,"minecraft:wooden_hoe":5,"minecraft:lava_bucket":22,"minecraft:melon_seeds":1,"minecraft:stone_axe":49,"minecraft:cobblestone":271,"minecraft:sweet_berries":4,"minecraft:oak_sapling":27,"minecraft:bucket":42,"minecraft:ice":1,"minecraft:potato":5,"minecraft:bone_meal":1},"minecraft:crafted":{"minecraft:oak_slab":12,"minecraft:oak_planks":20,"minecraft:cobblestone_slab":384,"minecraft:crafting_table":1,"minecraft:cobblestone_stairs":4,"minecraft:stone_axe":1,"minecraft:wooden_hoe":1,"minecraft:stick":36,"minecraft:stone_pickaxe":12,"minecraft:composter":1,"minecraft:torch":24,"minecraft:stone_hoe":1},"minecraft:picked_up":{"minecraft:pink_petals":4,"minecraft:wheat":4,"minecraft:lilac":1,"minecraft:water_bucket":1,"minecraft:potato":10,"minecraft:oak_log":60,"minecraft:dirt":95,"minecraft:apple":1,"minecraft:wheat_seeds":15,"minecraft:stone_pickaxe":1,"minecraft:rose_bush":1,"minecraft:cobblestone_slab":85,"minecraft:poppy":1,"minecraft:melon_slice":48,"minecraft:moss_block":4,"minecraft:sugar_cane":1,"minecraft:chest":4,"minecraft:stone_hoe":1,"minecraft:oak_planks":6,"minecraft:stick":16,"minecraft:glow_lichen":1,"minecraft:sweet_berries":4,"minecraft:torch":7,"minecraft:dandelion":1,"minecraft:sand":3,"minecraft:carrot":20,"minecraft:arrow":2,"minecraft:peony":1,"minecraft:bone_meal":1,"minecraft:oak_sapling":25,"minecraft:melon_seeds":1,"minecraft:cobblestone":904,"minecraft:sunflower":1}},"DataVersion":3465}