{"stats":{"minecraft:killed":{"minecraft:zombie":3},"minecraft:dropped":{"minecraft:oak_log":4,"minecraft:cobblestone":149,"minecraft:dirt":9,"minecraft:cobblestone_slab":384,"minecraft:torch":3,"minecraft:oak_sapling":1,"minecraft:stone_pickaxe":1},"minecraft:killed_by":{"minecraft:phantom":1},"minecraft:mined":{"minecraft:oak_sapling":1,"minecraft:farmland":1,"minecraft:dandelion":1,"minecraft:torch":6,"minecraft:grass_block":20,"minecraft:poppy":1,"minecraft:melon":3,"minecraft:chest":3,"minecraft:rose_bush":1,"minecraft:cobblestone":924,"minecraft:oak_planks":1,"minecraft:moss_block":4,"minecraft:pink_petals":1,"minecraft:seagrass":1,"minecraft:tall_seagrass":1,"minecraft:carrots":5,"minecraft:fire":6,"minecraft:wheat":3,"minecraft:ice":1,"minecraft:lilac":1,"minecraft:peony":1,"minecraft:grass":23,"minecraft:potatoes":3,"minecraft:oak_log":33,"minecraft:cobblestone_slab":29,"minecraft:sunflower":1,"minecraft:sand":3,"minecraft:dirt":26,"minecraft:oak_leaves":42},"minecraft:broken":{"minecraft:stone_pickaxe":7},"minecraft:custom":{"minecraft:interact_with_furnace":1,"minecraft:mob_kills":3,"minecraft:interact_with_crafting_table":19,"minecraft:leave_game":2,"minecraft:time_since_death":88371,"minecraft:time_since_rest":88870,"minecraft:walk_one_cm":532317,"minecraft:sprint_one_cm":67680,"minecraft:damage_taken":527,"minecraft:drop":24,"minecraft:damage_dealt":643,"minecraft:talked_to_villager":3,"minecraft:fly_one_cm":11726,"minecraft:open_chest":179,"minecraft:crouch_one_cm":186007,"minecraft:play_time":191565,"minecraft:deaths":1,"minecraft:sneak_time":92439,"minecraft:jump":767,"minecraft:walk_on_water_one_cm":5120,"minecraft:total_world_time":191565,"minecraft:fall_one_cm":13535},"minecraft:used":{"minecraft:wheat_seeds":8,"minecraft:moss_block":4,"minecraft:water_bucket":17,"minecraft:cobblestone_stairs":4,"minecraft:stone_pickaxe":960,"minecraft:oak_planks":1,"minecraft:chest":3,"minecraft:composter":1,"minecraft:cobblestone_slab":69,"minecraft:stone_hoe":50,"minecraft:torch":35,"minecraft:dirt":32,"minecraft:sand":3,"minecraft:crafting_table":1,"minecraft:carrot":16,"minecraft:obsidian":10,"minecraft:wooden_hoe":5,"minecraft:lava_bucket":18,"minecraft:melon_seeds":1,"minecraft:stone_axe":41,"minecraft:cobblestone":232,"minecraft:sweet_berries":2,"minecraft:oak_sapling":24,"minecraft:bucket":34,"minecraft:ice":1,"minecraft:potato":5,"minecraft:bone_meal":1},"minecraft:crafted":{"minecraft:oak_slab":12,"minecraft:oak_planks":20,"minecraft:cobblestone_slab":384,"minecraft:crafting_table":1,"minecraft:cobblestone_stairs":4,"minecraft:stone_axe":1,"minecraft:wooden_hoe":1,"minecraft:stick":36,"minecraft:stone_pickaxe":12,"minecraft:composter":1,"minecraft:torch":24,"minecraft:stone_hoe":1},"minecraft:picked_up":{"minecraft:pink_petals":4,"minecraft:wheat":3,"minecraft:lilac":1,"minecraft:potato":10,"minecraft:oak_log":37,"minecraft:dirt":48,"minecraft:apple":1,"minecraft:wheat_seeds":8,"minecraft:rose_bush":1,"minecraft:cobblestone_slab":82,"minecraft:poppy":1,"minecraft:melon_slice":15,"minecraft:moss_block":4,"minecraft:chest":3,"minecraft:oak_planks":4,"minecraft:stick":10,"minecraft:glow_lichen":1,"minecraft:sweet_berries":2,"minecraft:torch":6,"minecraft:dandelion":1,"minecraft:sand":3,"minecraft:carrot":14,"minecraft:arrow":1,"minecraft:peony":1,"minecraft:bone_meal":1,"minecraft:oak_sapling":16,"minecraft:cobblestone":864,"minecraft:sunflower":1}},"DataVersion":3465}