{"stats":{"minecraft:killed":{"minecraft:zombie":3},"minecraft:dropped":{"minecraft:oak_log":4,"minecraft:cobblestone":149,"minecraft:dirt":9,"minecraft:cobblestone_slab":384,"minecraft:torch":3,"minecraft:oak_sapling":1,"minecraft:stone_pickaxe":1},"minecraft:killed_by":{"minecraft:phantom":1},"minecraft:mined":{"minecraft:oak_sapling":1,"minecraft:farmland":1,"minecraft:dandelion":1,"minecraft:torch":6,"minecraft:grass_block":20,"minecraft:poppy":1,"minecraft:melon":3,"minecraft:chest":3,"minecraft:rose_bush":1,"minecraft:cobblestone":921,"minecraft:moss_block":4,"minecraft:pink_petals":1,"minecraft:seagrass":1,"minecraft:tall_seagrass":1,"minecraft:carrots":5,"minecraft:fire":6,"minecraft:wheat":3,"minecraft:ice":1,"minecraft:lilac":1,"minecraft:peony":1,"minecraft:grass":23,"minecraft:potatoes":3,"minecraft:oak_log":33,"minecraft:cobblestone_slab":29,"minecraft:sunflower":1,"minecraft:sand":3,"minecraft:dirt":25,"minecraft:oak_leaves":40},"minecraft:broken":{"minecraft:stone_pickaxe":7},"minecraft:custom":{"minecraft:interact_with_furnace":1,"minecraft:mob_kills":3,"minecraft:interact_with_crafting_table":18,"minecraft:leave_game":2,"minecraft:time_since_death":76371,"minecraft:time_since_rest":76870,"minecraft:walk_one_cm":450337,"minecraft:sprint_one_cm":66917,"minecraft:damage_taken":517,"minecraft:drop":24,"minecraft:damage_dealt":643,"minecraft:talked_to_villager":2,"minecraft:fly_one_cm":11620,"minecraft:open_chest":171,"minecraft:crouch_one_cm":185605,"minecraft:play_time":179565,"minecraft:deaths":1,"minecraft:sneak_time":92306,"minecraft:jump":671,"minecraft:walk_on_water_one_cm":5120,"minecraft:total_world_time":179565,"minecraft:fall_one_cm":12513},"minecraft:used":{"minecraft:wheat_seeds":8,"minecraft:moss_block":4,"minecraft:water_bucket":17,"minecraft:stone_pickaxe":957,"minecraft:chest":3,"minecraft:composter":1,"minecraft:cobblestone_slab":69,"minecraft:stone_hoe":50,"minecraft:torch":27,"minecraft:dirt":31,"minecraft:sand":3,"minecraft:crafting_table":1,"minecraft:carrot":16,"minecraft:wooden_hoe":5,"minecraft:lava_bucket":14,"minecraft:melon_seeds":1,"minecraft:stone_axe":41,"minecraft:cobblestone":220,"minecraft:oak_sapling":21,"minecraft:bucket":30,"minecraft:ice":1,"minecraft:potato":5,"minecraft:bone_meal":1},"minecraft:crafted":{"minecraft:oak_slab":12,"minecraft:oak_planks":20,"minecraft:cobblestone_slab":384,"minecraft:crafting_table":1,"minecraft:stone_axe":1,"minecraft:wooden_hoe":1,"minecraft:stick":36,"minecraft:stone_pickaxe":12,"minecraft:composter":1,"minecraft:torch":16,"minecraft:stone_hoe":1},"minecraft:picked_up":{"minecraft:pink_petals":4,"minecraft:wheat":3,"minecraft:lilac":1,"minecraft:potato":10,"minecraft:oak_log":37,"minecraft:dirt":47,"minecraft:apple":1,"minecraft:wheat_seeds":8,"minecraft:rose_bush":1,"minecraft:cobblestone_slab":82,"minecraft:poppy":1,"minecraft:melon_slice":15,"minecraft:moss_block":4,"minecraft:chest":3,"minecraft:oak_planks":3,"minecraft:stick":8,"minecraft:glow_lichen":1,"minecraft:torch":6,"minecraft:dandelion":1,"minecraft:sand":3,"minecraft:carrot":14,"minecraft:arrow":1,"minecraft:peony":1,"minecraft:bone_meal":1,"minecraft:oak_sapling":13,"minecraft:cobblestone":861,"minecraft:sunflower":1}},"DataVersion":3465}