{"stats":{"minecraft:custom":{"minecraft:time_since_rest":49302,"minecraft:interact_with_furnace":1,"minecraft:sprint_one_cm":27629,"minecraft:damage_taken":63,"minecraft:walk_one_cm":82022,"minecraft:drop":11,"minecraft:damage_dealt":90,"minecraft:interact_with_crafting_table":5,"minecraft:fly_one_cm":957,"minecraft:open_chest":44,"minecraft:crouch_one_cm":38691,"minecraft:play_time":49302,"minecraft:sneak_time":19354,"minecraft:jump":80,"minecraft:time_since_death":49302,"minecraft:leave_game":1,"minecraft:walk_on_water_one_cm":500,"minecraft:total_world_time":49302,"minecraft:fall_one_cm":627},"minecraft:broken":{"minecraft:stone_pickaxe":1},"minecraft:crafted":{"minecraft:oak_planks":8,"minecraft:wooden_hoe":1,"minecraft:crafting_table":1,"minecraft:stick":8,"minecraft:stone_pickaxe":2,"minecraft:stone_axe":1},"minecraft:mined":{"minecraft:oak_sapling":1,"minecraft:ice":1,"minecraft:dandelion":1,"minecraft:grass":23,"minecraft:grass_block":10,"minecraft:oak_log":27,"minecraft:poppy":1,"minecraft:dirt":10,"minecraft:cobblestone":25,"minecraft:oak_leaves":25},"minecraft:used":{"minecraft:wheat_seeds":1,"minecraft:wooden_hoe":4,"minecraft:lava_bucket":14,"minecraft:stone_pickaxe":25,"minecraft:melon_seeds":1,"minecraft:stone_axe":22,"minecraft:dirt":7,"minecraft:cobblestone":102,"minecraft:crafting_table":1,"minecraft:oak_sapling":4,"minecraft:carrot":1,"minecraft:bucket":13,"minecraft:ice":1,"minecraft:potato":1},"minecraft:dropped":{"minecraft:dirt":8,"minecraft:oak_log":4,"minecraft:oak_sapling":1,"minecraft:stone_pickaxe":1},"minecraft:picked_up":{"minecraft:stick":8,"minecraft:dandelion":1,"minecraft:oak_log":26,"minecraft:dirt":21,"minecraft:wheat_seeds":1,"minecraft:poppy":1,"minecraft:oak_sapling":9,"minecraft:oak_planks":3,"minecraft:cobblestone":94}},"DataVersion":3465}