{"stats":{"minecraft:killed":{"minecraft:zombie":2},"minecraft:dropped":{"minecraft:dirt":8,"minecraft:oak_log":4,"minecraft:oak_sapling":1,"minecraft:cobblestone":149,"minecraft:stone_pickaxe":1},"minecraft:killed_by":{"minecraft:phantom":1},"minecraft:mined":{"minecraft:oak_sapling":1,"minecraft:carrots":1,"minecraft:wheat":1,"minecraft:fire":6,"minecraft:ice":1,"minecraft:dandelion":1,"minecraft:torch":4,"minecraft:grass":23,"minecraft:grass_block":12,"minecraft:potatoes":1,"minecraft:oak_log":33,"minecraft:poppy":1,"minecraft:chest":3,"minecraft:sand":3,"minecraft:dirt":14,"minecraft:cobblestone":479,"minecraft:moss_block":4,"minecraft:oak_leaves":40},"minecraft:broken":{"minecraft:stone_pickaxe":3},"minecraft:custom":{"minecraft:time_since_rest":10870,"minecraft:sprint_one_cm":45550,"minecraft:interact_with_furnace":1,"minecraft:damage_taken":348,"minecraft:walk_one_cm":263575,"minecraft:mob_kills":2,"minecraft:drop":14,"minecraft:damage_dealt":446,"minecraft:interact_with_crafting_table":12,"minecraft:fly_one_cm":3304,"minecraft:open_chest":113,"minecraft:crouch_one_cm":107085,"minecraft:play_time":113565,"minecraft:deaths":1,"minecraft:sneak_time":56834,"minecraft:jump":328,"minecraft:leave_game":2,"minecraft:time_since_death":10371,"minecraft:walk_on_water_one_cm":2332,"minecraft:total_world_time":113565,"minecraft:fall_one_cm":5858},"minecraft:used":{"minecraft:moss_block":4,"minecraft:wheat_seeds":3,"minecraft:wooden_hoe":5,"minecraft:lava_bucket":14,"minecraft:stone_pickaxe":486,"minecraft:chest":3,"minecraft:stone_hoe":2,"minecraft:melon_seeds":1,"minecraft:torch":20,"minecraft:stone_axe":40,"minecraft:sand":3,"minecraft:dirt":12,"minecraft:cobblestone":154,"minecraft:crafting_table":1,"minecraft:oak_sapling":5,"minecraft:carrot":5,"minecraft:bucket":13,"minecraft:ice":1,"minecraft:potato":5},"minecraft:crafted":{"minecraft:oak_planks":8,"minecraft:wooden_hoe":1,"minecraft:crafting_table":1,"minecraft:stick":28,"minecraft:stone_pickaxe":8,"minecraft:stone_hoe":1,"minecraft:torch":16,"minecraft:stone_axe":1},"minecraft:picked_up":{"minecraft:stick":8,"minecraft:glow_lichen":1,"minecraft:wheat":1,"minecraft:torch":4,"minecraft:dandelion":1,"minecraft:potato":3,"minecraft:sand":3,"minecraft:oak_log":32,"minecraft:carrot":5,"minecraft:dirt":27,"minecraft:arrow":1,"minecraft:apple":1,"minecraft:wheat_seeds":3,"minecraft:poppy":1,"minecraft:oak_sapling":11,"minecraft:moss_block":4,"minecraft:chest":3,"minecraft:oak_planks":3,"minecraft:cobblestone":506}},"DataVersion":3465}