{"stats":{"minecraft:killed":{"minecraft:zombie":2},"minecraft:dropped":{"minecraft:dirt":8,"minecraft:oak_log":4,"minecraft:oak_sapling":1,"minecraft:cobblestone":149,"minecraft:stone_pickaxe":1},"minecraft:mined":{"minecraft:oak_sapling":1,"minecraft:wheat":1,"minecraft:fire":6,"minecraft:ice":1,"minecraft:dandelion":1,"minecraft:torch":2,"minecraft:grass":23,"minecraft:grass_block":12,"minecraft:potatoes":1,"minecraft:oak_log":33,"minecraft:poppy":1,"minecraft:chest":3,"minecraft:sand":3,"minecraft:dirt":14,"minecraft:cobblestone":390,"minecraft:moss_block":4,"minecraft:oak_leaves":40},"minecraft:broken":{"minecraft:stone_pickaxe":3},"minecraft:custom":{"minecraft:time_since_rest":101565,"minecraft:sprint_one_cm":38182,"minecraft:interact_with_furnace":1,"minecraft:damage_taken":208,"minecraft:walk_one_cm":230066,"minecraft:mob_kills":2,"minecraft:drop":14,"minecraft:damage_dealt":446,"minecraft:interact_with_crafting_table":9,"minecraft:fly_one_cm":1989,"minecraft:open_chest":95,"minecraft:crouch_one_cm":94149,"minecraft:play_time":101565,"minecraft:sneak_time":50429,"minecraft:jump":286,"minecraft:leave_game":2,"minecraft:time_since_death":101565,"minecraft:walk_on_water_one_cm":2332,"minecraft:total_world_time":101565,"minecraft:fall_one_cm":4567},"minecraft:used":{"minecraft:moss_block":4,"minecraft:wheat_seeds":3,"minecraft:wooden_hoe":5,"minecraft:lava_bucket":14,"minecraft:stone_pickaxe":397,"minecraft:chest":3,"minecraft:melon_seeds":1,"minecraft:torch":10,"minecraft:stone_axe":40,"minecraft:sand":3,"minecraft:dirt":12,"minecraft:cobblestone":151,"minecraft:crafting_table":1,"minecraft:oak_sapling":5,"minecraft:carrot":1,"minecraft:bucket":13,"minecraft:ice":1,"minecraft:potato":5},"minecraft:crafted":{"minecraft:oak_planks":8,"minecraft:wooden_hoe":1,"minecraft:crafting_table":1,"minecraft:stick":20,"minecraft:stone_pickaxe":6,"minecraft:torch":8,"minecraft:stone_axe":1},"minecraft:picked_up":{"minecraft:stick":8,"minecraft:glow_lichen":1,"minecraft:wheat":1,"minecraft:torch":2,"minecraft:dandelion":1,"minecraft:potato":3,"minecraft:sand":3,"minecraft:oak_log":32,"minecraft:dirt":27,"minecraft:apple":1,"minecraft:wheat_seeds":3,"minecraft:poppy":1,"minecraft:oak_sapling":11,"minecraft:moss_block":4,"minecraft:chest":3,"minecraft:oak_planks":3,"minecraft:cobblestone":431}},"DataVersion":3465}