{"stats":{"minecraft:killed":{"minecraft:zombie":3},"minecraft:dropped":{"minecraft:oak_log":4,"minecraft:cobblestone":149,"minecraft:dirt":9,"minecraft:cobblestone_slab":384,"minecraft:torch":3,"minecraft:oak_sapling":1,"minecraft:stone_pickaxe":1},"minecraft:killed_by":{"minecraft:phantom":1},"minecraft:mined":{"minecraft:oak_sapling":1,"minecraft:dandelion":1,"minecraft:torch":6,"minecraft:grass_block":12,"minecraft:poppy":1,"minecraft:melon":1,"minecraft:chest":3,"minecraft:cobblestone":782,"minecraft:moss_block":4,"minecraft:seagrass":1,"minecraft:tall_seagrass":1,"minecraft:carrots":1,"minecraft:fire":6,"minecraft:wheat":1,"minecraft:ice":1,"minecraft:grass":23,"minecraft:potatoes":1,"minecraft:oak_log":33,"minecraft:sand":3,"minecraft:dirt":17,"minecraft:oak_leaves":40},"minecraft:broken":{"minecraft:stone_pickaxe":5},"minecraft:custom":{"minecraft:interact_with_furnace":1,"minecraft:mob_kills":3,"minecraft:interact_with_crafting_table":17,"minecraft:leave_game":2,"minecraft:time_since_death":46371,"minecraft:time_since_rest":46870,"minecraft:walk_one_cm":375702,"minecraft:sprint_one_cm":56065,"minecraft:damage_taken":517,"minecraft:drop":24,"minecraft:damage_dealt":621,"minecraft:fly_one_cm":11568,"minecraft:open_chest":142,"minecraft:crouch_one_cm":141834,"minecraft:play_time":149565,"minecraft:deaths":1,"minecraft:sneak_time":74478,"minecraft:jump":547,"minecraft:walk_on_water_one_cm":2566,"minecraft:total_world_time":149565,"minecraft:fall_one_cm":10154},"minecraft:used":{"minecraft:wheat_seeds":3,"minecraft:moss_block":4,"minecraft:water_bucket":10,"minecraft:stone_pickaxe":789,"minecraft:chest":3,"minecraft:composter":1,"minecraft:cobblestone_slab":30,"minecraft:stone_hoe":33,"minecraft:torch":27,"minecraft:dirt":15,"minecraft:sand":3,"minecraft:crafting_table":1,"minecraft:carrot":6,"minecraft:wooden_hoe":5,"minecraft:lava_bucket":14,"minecraft:melon_seeds":1,"minecraft:stone_axe":40,"minecraft:cobblestone":198,"minecraft:oak_sapling":21,"minecraft:bucket":23,"minecraft:ice":1,"minecraft:potato":5,"minecraft:bone_meal":1},"minecraft:crafted":{"minecraft:oak_slab":12,"minecraft:oak_planks":20,"minecraft:cobblestone_slab":384,"minecraft:crafting_table":1,"minecraft:stone_axe":1,"minecraft:wooden_hoe":1,"minecraft:stick":36,"minecraft:stone_pickaxe":9,"minecraft:composter":1,"minecraft:torch":16,"minecraft:stone_hoe":1},"minecraft:picked_up":{"minecraft:wheat":1,"minecraft:potato":3,"minecraft:oak_log":37,"minecraft:dirt":31,"minecraft:apple":1,"minecraft:wheat_seeds":3,"minecraft:cobblestone_slab":64,"minecraft:poppy":1,"minecraft:melon_slice":5,"minecraft:moss_block":4,"minecraft:chest":3,"minecraft:oak_planks":3,"minecraft:stick":8,"minecraft:glow_lichen":1,"minecraft:torch":6,"minecraft:dandelion":1,"minecraft:sand":3,"minecraft:carrot":6,"minecraft:arrow":1,"minecraft:bone_meal":1,"minecraft:oak_sapling":13,"minecraft:cobblestone":742}},"DataVersion":3465}