{"stats":{"minecraft:killed":{"minecraft:zombie":3,"minecraft:enderman":1},"minecraft:dropped":{"minecraft:stone_axe":2,"minecraft:sugar_cane":1,"minecraft:oak_log":19,"minecraft:cobblestone":151,"minecraft:dirt":9,"minecraft:cobblestone_slab":384,"minecraft:torch":3,"minecraft:melon_slice":26,"minecraft:oak_sapling":1,"minecraft:stone_pickaxe":1},"minecraft:killed_by":{"minecraft:player":1,"minecraft:phantom":1,"minecraft:enderman":1,"minecraft:trader_llama":1},"minecraft:mined":{"minecraft:oak_sapling":1,"minecraft:farmland":5,"minecraft:cherry_planks":2,"minecraft:cherry_log":79,"minecraft:dandelion":1,"minecraft:torch":8,"minecraft:grass_block":29,"minecraft:poppy":1,"minecraft:melon":4,"minecraft:chest":3,"minecraft:rose_bush":1,"minecraft:cobblestone":1113,"minecraft:oak_planks":3,"minecraft:moss_block":6,"minecraft:pink_petals":1,"minecraft:seagrass":1,"minecraft:tall_seagrass":1,"minecraft:carrots":15,"minecraft:fire":7,"minecraft:wheat":8,"minecraft:ice":1,"minecraft:lilac":1,"minecraft:peony":1,"minecraft:grass":23,"minecraft:pointed_dripstone":2,"minecraft:potatoes":3,"minecraft:oak_log":62,"minecraft:cobblestone_slab":45,"minecraft:dripstone_block":6,"minecraft:cherry_leaves":5,"minecraft:sunflower":1,"minecraft:sand":3,"minecraft:dirt":30,"minecraft:oak_leaves":120},"minecraft:broken":{"minecraft:stone_pickaxe":8,"minecraft:stone_axe":2},"minecraft:custom":{"minecraft:interact_with_furnace":2,"minecraft:mob_kills":4,"minecraft:interact_with_crafting_table":23,"minecraft:leave_game":2,"minecraft:time_since_death":18033,"minecraft:time_since_rest":18370,"minecraft:walk_one_cm":912356,"minecraft:sprint_one_cm":101123,"minecraft:damage_taken":1177,"minecraft:drop":32,"minecraft:damage_dealt":1121,"minecraft:talked_to_villager":4,"minecraft:fly_one_cm":31217,"minecraft:open_chest":306,"minecraft:crouch_one_cm":231724,"minecraft:play_time":263565,"minecraft:deaths":4,"minecraft:sneak_time":109738,"minecraft:jump":1396,"minecraft:walk_on_water_one_cm":6181,"minecraft:total_world_time":263565,"minecraft:fall_one_cm":19881},"minecraft:used":{"minecraft:wheat_seeds":9,"minecraft:moss_block":4,"minecraft:cherry_sapling":7,"minecraft:water_bucket":29,"minecraft:cobblestone_stairs":4,"minecraft:stone_pickaxe":1172,"minecraft:oak_planks":3,"minecraft:chest":3,"minecraft:cherry_planks":2,"minecraft:composter":1,"minecraft:cobblestone_slab":97,"minecraft:stone_hoe":70,"minecraft:torch":38,"minecraft:dirt":55,"minecraft:sand":3,"minecraft:crafting_table":1,"minecraft:carrot":52,"minecraft:obsidian":10,"minecraft:wooden_hoe":5,"minecraft:lava_bucket":22,"minecraft:bread":1,"minecraft:melon_seeds":1,"minecraft:stone_axe":165,"minecraft:fishing_rod":3,"minecraft:cobblestone":290,"minecraft:sweet_berries":6,"minecraft:oak_sapling":28,"minecraft:bucket":50,"minecraft:ice":1,"minecraft:potato":5,"minecraft:cherry_log":2,"minecraft:bone_meal":1,"minecraft:pointed_dripstone":3},"minecraft:crafted":{"minecraft:cherry_planks":4,"minecraft:oak_slab":12,"minecraft:oak_planks":20,"minecraft:cobblestone_slab":414,"minecraft:fishing_rod":1,"minecraft:crafting_table":1,"minecraft:cobblestone_stairs":4,"minecraft:stone_axe":1,"minecraft:bread":1,"minecraft:wooden_hoe":1,"minecraft:stick":36,"minecraft:stone_pickaxe":14,"minecraft:composter":1,"minecraft:torch":24,"minecraft:stone_hoe":1},"minecraft:picked_up":{"minecraft:pink_petals":4,"minecraft:wheat":4,"minecraft:lilac":1,"minecraft:cherry_planks":2,"minecraft:water_bucket":1,"minecraft:potato":10,"minecraft:oak_log":81,"minecraft:dirt":95,"minecraft:apple":1,"minecraft:wheat_seeds":15,"minecraft:stone_pickaxe":1,"minecraft:rose_bush":1,"minecraft:cobblestone_slab":100,"minecraft:poppy":1,"minecraft:melon_slice":48,"minecraft:moss_block":6,"minecraft:sugar_cane":1,"minecraft:chest":4,"minecraft:stone_hoe":2,"minecraft:oak_planks":6,"minecraft:stick":55,"minecraft:glow_lichen":1,"minecraft:sweet_berries":18,"minecraft:torch":8,"minecraft:dandelion":1,"minecraft:dripstone_block":5,"minecraft:sand":3,"minecraft:cherry_log":79,"minecraft:pointed_dripstone":3,"minecraft:carrot":50,"minecraft:arrow":2,"minecraft:stone_axe":2,"minecraft:peony":1,"minecraft:cherry_sapling":39,"minecraft:bone_meal":1,"minecraft:oak_sapling":35,"minecraft:melon_seeds":1,"minecraft:ender_pearl":1,"minecraft:cobblestone":1029,"minecraft:sunflower":1}},"DataVersion":3465}