{"stats":{"minecraft:custom":{"minecraft:time_since_rest":13302,"minecraft:open_chest":2,"minecraft:play_time":13302,"minecraft:crouch_one_cm":5417,"minecraft:sprint_one_cm":116,"minecraft:walk_one_cm":10213,"minecraft:sneak_time":2887,"minecraft:drop":10,"minecraft:jump":34,"minecraft:leave_game":1,"minecraft:time_since_death":13302,"minecraft:total_world_time":13302,"minecraft:fall_one_cm":209,"minecraft:fly_one_cm":136},"minecraft:crafted":{"minecraft:oak_planks":4,"minecraft:crafting_table":1},"minecraft:mined":{"minecraft:grass":23,"minecraft:grass_block":10,"minecraft:oak_log":6,"minecraft:oak_sapling":1,"minecraft:dirt":1,"minecraft:ice":1,"minecraft:oak_leaves":4},"minecraft:used":{"minecraft:lava_bucket":1,"minecraft:dirt":3,"minecraft:crafting_table":1,"minecraft:oak_sapling":1,"minecraft:ice":1},"minecraft:dropped":{"minecraft:dirt":8,"minecraft:oak_log":4,"minecraft:oak_sapling":1},"minecraft:picked_up":{"minecraft:wheat_seeds":1,"minecraft:oak_log":5,"minecraft:oak_sapling":3,"minecraft:dirt":11}},"DataVersion":3465}