{"stats":{"minecraft:custom":{"minecraft:time_since_rest":25302,"minecraft:sprint_one_cm":189,"minecraft:damage_taken":20,"minecraft:walk_one_cm":23293,"minecraft:drop":10,"minecraft:interact_with_crafting_table":3,"minecraft:fly_one_cm":176,"minecraft:open_chest":15,"minecraft:crouch_one_cm":14357,"minecraft:play_time":25302,"minecraft:sneak_time":10861,"minecraft:jump":50,"minecraft:time_since_death":25302,"minecraft:leave_game":1,"minecraft:walk_on_water_one_cm":47,"minecraft:total_world_time":25302,"minecraft:fall_one_cm":418},"minecraft:crafted":{"minecraft:oak_planks":4,"minecraft:crafting_table":1,"minecraft:stick":4,"minecraft:stone_pickaxe":2,"minecraft:stone_axe":1},"minecraft:mined":{"minecraft:oak_sapling":1,"minecraft:ice":1,"minecraft:grass":23,"minecraft:grass_block":10,"minecraft:oak_log":19,"minecraft:dirt":4,"minecraft:cobblestone":1,"minecraft:oak_leaves":4},"minecraft:used":{"minecraft:lava_bucket":14,"minecraft:stone_pickaxe":1,"minecraft:stone_axe":13,"minecraft:dirt":6,"minecraft:cobblestone":42,"minecraft:crafting_table":1,"minecraft:oak_sapling":3,"minecraft:bucket":13,"minecraft:ice":1},"minecraft:dropped":{"minecraft:dirt":8,"minecraft:oak_log":4,"minecraft:oak_sapling":1},"minecraft:picked_up":{"minecraft:stick":3,"minecraft:oak_log":17,"minecraft:dirt":14,"minecraft:wheat_seeds":1,"minecraft:oak_sapling":6,"minecraft:oak_planks":3,"minecraft:cobblestone":34}},"DataVersion":3465}