{"stats":{"minecraft:killed":{"minecraft:zombie":3},"minecraft:dropped":{"minecraft:oak_log":4,"minecraft:cobblestone":149,"minecraft:dirt":9,"minecraft:cobblestone_slab":384,"minecraft:torch":3,"minecraft:oak_sapling":1,"minecraft:stone_pickaxe":1},"minecraft:killed_by":{"minecraft:phantom":1},"minecraft:mined":{"minecraft:oak_sapling":1,"minecraft:dandelion":1,"minecraft:torch":6,"minecraft:grass_block":20,"minecraft:poppy":1,"minecraft:melon":1,"minecraft:chest":3,"minecraft:rose_bush":1,"minecraft:cobblestone":826,"minecraft:moss_block":4,"minecraft:pink_petals":1,"minecraft:seagrass":1,"minecraft:tall_seagrass":1,"minecraft:carrots":1,"minecraft:fire":6,"minecraft:wheat":2,"minecraft:ice":1,"minecraft:lilac":1,"minecraft:peony":1,"minecraft:grass":23,"minecraft:potatoes":2,"minecraft:oak_log":33,"minecraft:cobblestone_slab":26,"minecraft:sunflower":1,"minecraft:sand":3,"minecraft:dirt":25,"minecraft:oak_leaves":40},"minecraft:broken":{"minecraft:stone_pickaxe":6},"minecraft:custom":{"minecraft:interact_with_furnace":1,"minecraft:mob_kills":3,"minecraft:interact_with_crafting_table":18,"minecraft:leave_game":2,"minecraft:time_since_death":58371,"minecraft:time_since_rest":58870,"minecraft:walk_one_cm":388348,"minecraft:sprint_one_cm":66917,"minecraft:damage_taken":517,"minecraft:drop":24,"minecraft:damage_dealt":621,"minecraft:fly_one_cm":11568,"minecraft:open_chest":153,"minecraft:crouch_one_cm":165898,"minecraft:play_time":161565,"minecraft:deaths":1,"minecraft:sneak_time":83679,"minecraft:jump":586,"minecraft:walk_on_water_one_cm":2566,"minecraft:total_world_time":161565,"minecraft:fall_one_cm":11408},"minecraft:used":{"minecraft:wheat_seeds":4,"minecraft:moss_block":4,"minecraft:water_bucket":10,"minecraft:stone_pickaxe":859,"minecraft:chest":3,"minecraft:composter":1,"minecraft:cobblestone_slab":67,"minecraft:stone_hoe":33,"minecraft:torch":27,"minecraft:dirt":15,"minecraft:sand":3,"minecraft:crafting_table":1,"minecraft:carrot":7,"minecraft:wooden_hoe":5,"minecraft:lava_bucket":14,"minecraft:melon_seeds":1,"minecraft:stone_axe":40,"minecraft:cobblestone":207,"minecraft:oak_sapling":21,"minecraft:bucket":23,"minecraft:ice":1,"minecraft:potato":5,"minecraft:bone_meal":1},"minecraft:crafted":{"minecraft:oak_slab":12,"minecraft:oak_planks":20,"minecraft:cobblestone_slab":384,"minecraft:crafting_table":1,"minecraft:stone_axe":1,"minecraft:wooden_hoe":1,"minecraft:stick":36,"minecraft:stone_pickaxe":12,"minecraft:composter":1,"minecraft:torch":16,"minecraft:stone_hoe":1},"minecraft:picked_up":{"minecraft:pink_petals":4,"minecraft:wheat":2,"minecraft:lilac":1,"minecraft:potato":8,"minecraft:oak_log":37,"minecraft:dirt":46,"minecraft:apple":1,"minecraft:wheat_seeds":5,"minecraft:rose_bush":1,"minecraft:cobblestone_slab":80,"minecraft:poppy":1,"minecraft:melon_slice":5,"minecraft:moss_block":4,"minecraft:chest":3,"minecraft:oak_planks":3,"minecraft:stick":8,"minecraft:glow_lichen":1,"minecraft:torch":6,"minecraft:dandelion":1,"minecraft:sand":3,"minecraft:carrot":6,"minecraft:arrow":1,"minecraft:peony":1,"minecraft:bone_meal":1,"minecraft:oak_sapling":13,"minecraft:cobblestone":779,"minecraft:sunflower":1}},"DataVersion":3465}