{"stats":{"minecraft:custom":{"minecraft:time_since_rest":61302,"minecraft:interact_with_furnace":1,"minecraft:sprint_one_cm":38182,"minecraft:damage_taken":198,"minecraft:walk_one_cm":144919,"minecraft:mob_kills":1,"minecraft:drop":11,"minecraft:damage_dealt":217,"minecraft:interact_with_crafting_table":5,"minecraft:fly_one_cm":1316,"minecraft:open_chest":62,"minecraft:crouch_one_cm":50429,"minecraft:play_time":61302,"minecraft:sneak_time":23232,"minecraft:jump":126,"minecraft:time_since_death":61302,"minecraft:leave_game":1,"minecraft:walk_on_water_one_cm":500,"minecraft:total_world_time":61302,"minecraft:fall_one_cm":627},"minecraft:broken":{"minecraft:stone_pickaxe":1},"minecraft:crafted":{"minecraft:oak_planks":8,"minecraft:wooden_hoe":1,"minecraft:crafting_table":1,"minecraft:stick":8,"minecraft:stone_pickaxe":2,"minecraft:torch":4,"minecraft:stone_axe":1},"minecraft:mined":{"minecraft:oak_sapling":1,"minecraft:ice":1,"minecraft:dandelion":1,"minecraft:grass":23,"minecraft:grass_block":11,"minecraft:oak_log":27,"minecraft:poppy":1,"minecraft:chest":1,"minecraft:sand":3,"minecraft:dirt":12,"minecraft:cobblestone":25,"minecraft:oak_leaves":27},"minecraft:killed":{"minecraft:zombie":1},"minecraft:used":{"minecraft:wheat_seeds":1,"minecraft:wooden_hoe":4,"minecraft:lava_bucket":14,"minecraft:stone_pickaxe":25,"minecraft:melon_seeds":1,"minecraft:stone_axe":28,"minecraft:torch":4,"minecraft:dirt":9,"minecraft:sand":3,"minecraft:cobblestone":136,"minecraft:crafting_table":1,"minecraft:oak_sapling":5,"minecraft:carrot":1,"minecraft:bucket":13,"minecraft:ice":1,"minecraft:potato":1},"minecraft:dropped":{"minecraft:dirt":8,"minecraft:oak_log":4,"minecraft:oak_sapling":1,"minecraft:stone_pickaxe":1},"minecraft:picked_up":{"minecraft:stick":8,"minecraft:dandelion":1,"minecraft:sand":3,"minecraft:oak_log":26,"minecraft:dirt":24,"minecraft:wheat_seeds":1,"minecraft:poppy":1,"minecraft:oak_sapling":11,"minecraft:chest":1,"minecraft:oak_planks":3,"minecraft:cobblestone":147}},"DataVersion":3465}