{"stats":{"minecraft:killed":{"minecraft:zombie":3},"minecraft:dropped":{"minecraft:oak_log":5,"minecraft:cobblestone":149,"minecraft:dirt":9,"minecraft:cobblestone_slab":384,"minecraft:torch":3,"minecraft:oak_sapling":1,"minecraft:stone_pickaxe":1},"minecraft:killed_by":{"minecraft:phantom":1,"minecraft:trader_llama":1},"minecraft:mined":{"minecraft:oak_sapling":1,"minecraft:farmland":5,"minecraft:dandelion":1,"minecraft:torch":6,"minecraft:grass_block":29,"minecraft:poppy":1,"minecraft:melon":4,"minecraft:chest":3,"minecraft:rose_bush":1,"minecraft:cobblestone":926,"minecraft:oak_planks":3,"minecraft:moss_block":4,"minecraft:pink_petals":1,"minecraft:seagrass":1,"minecraft:tall_seagrass":1,"minecraft:carrots":7,"minecraft:fire":7,"minecraft:wheat":8,"minecraft:ice":1,"minecraft:lilac":1,"minecraft:peony":1,"minecraft:grass":23,"minecraft:potatoes":3,"minecraft:oak_log":33,"minecraft:cobblestone_slab":31,"minecraft:sunflower":1,"minecraft:sand":3,"minecraft:dirt":27,"minecraft:oak_leaves":42},"minecraft:broken":{"minecraft:stone_pickaxe":7},"minecraft:custom":{"minecraft:interact_with_furnace":1,"minecraft:mob_kills":3,"minecraft:interact_with_crafting_table":19,"minecraft:leave_game":2,"minecraft:time_since_death":242,"minecraft:time_since_rest":347,"minecraft:walk_one_cm":608934,"minecraft:sprint_one_cm":71681,"minecraft:damage_taken":537,"minecraft:drop":25,"minecraft:damage_dealt":653,"minecraft:talked_to_villager":4,"minecraft:fly_one_cm":12665,"minecraft:open_chest":189,"minecraft:crouch_one_cm":190164,"minecraft:play_time":203565,"minecraft:deaths":2,"minecraft:sneak_time":94224,"minecraft:jump":863,"minecraft:walk_on_water_one_cm":5137,"minecraft:total_world_time":203565,"minecraft:fall_one_cm":14489},"minecraft:used":{"minecraft:wheat_seeds":9,"minecraft:moss_block":4,"minecraft:water_bucket":18,"minecraft:cobblestone_stairs":4,"minecraft:stone_pickaxe":964,"minecraft:oak_planks":3,"minecraft:chest":3,"minecraft:composter":1,"minecraft:cobblestone_slab":69,"minecraft:stone_hoe":51,"minecraft:torch":35,"minecraft:dirt":34,"minecraft:sand":3,"minecraft:crafting_table":1,"minecraft:carrot":22,"minecraft:obsidian":10,"minecraft:wooden_hoe":5,"minecraft:lava_bucket":19,"minecraft:melon_seeds":1,"minecraft:stone_axe":41,"minecraft:cobblestone":238,"minecraft:sweet_berries":4,"minecraft:oak_sapling":25,"minecraft:bucket":37,"minecraft:ice":1,"minecraft:potato":5,"minecraft:bone_meal":1},"minecraft:crafted":{"minecraft:oak_slab":12,"minecraft:oak_planks":20,"minecraft:cobblestone_slab":384,"minecraft:crafting_table":1,"minecraft:cobblestone_stairs":4,"minecraft:stone_axe":1,"minecraft:wooden_hoe":1,"minecraft:stick":36,"minecraft:stone_pickaxe":12,"minecraft:composter":1,"minecraft:torch":24,"minecraft:stone_hoe":1},"minecraft:picked_up":{"minecraft:pink_petals":4,"minecraft:wheat":4,"minecraft:lilac":1,"minecraft:potato":10,"minecraft:oak_log":38,"minecraft:dirt":92,"minecraft:apple":1,"minecraft:wheat_seeds":15,"minecraft:stone_pickaxe":1,"minecraft:rose_bush":1,"minecraft:cobblestone_slab":82,"minecraft:poppy":1,"minecraft:melon_slice":22,"minecraft:moss_block":4,"minecraft:chest":3,"minecraft:oak_planks":6,"minecraft:stick":10,"minecraft:glow_lichen":1,"minecraft:sweet_berries":4,"minecraft:torch":6,"minecraft:dandelion":1,"minecraft:sand":3,"minecraft:carrot":20,"minecraft:arrow":2,"minecraft:peony":1,"minecraft:bone_meal":1,"minecraft:oak_sapling":17,"minecraft:melon_seeds":1,"minecraft:cobblestone":870,"minecraft:sunflower":1}},"DataVersion":3465}