{"stats":{"minecraft:custom":{"minecraft:time_since_rest":37302,"minecraft:sprint_one_cm":2913,"minecraft:damage_taken":47,"minecraft:walk_one_cm":47827,"minecraft:drop":11,"minecraft:interact_with_crafting_table":5,"minecraft:fly_one_cm":957,"minecraft:open_chest":30,"minecraft:crouch_one_cm":26463,"minecraft:play_time":37302,"minecraft:sneak_time":15426,"minecraft:jump":61,"minecraft:time_since_death":37302,"minecraft:leave_game":1,"minecraft:walk_on_water_one_cm":47,"minecraft:total_world_time":37302,"minecraft:fall_one_cm":627},"minecraft:broken":{"minecraft:stone_pickaxe":1},"minecraft:crafted":{"minecraft:oak_planks":8,"minecraft:wooden_hoe":1,"minecraft:crafting_table":1,"minecraft:stick":8,"minecraft:stone_pickaxe":2,"minecraft:stone_axe":1},"minecraft:mined":{"minecraft:oak_sapling":1,"minecraft:ice":1,"minecraft:dandelion":1,"minecraft:grass":23,"minecraft:grass_block":10,"minecraft:oak_log":19,"minecraft:poppy":1,"minecraft:dirt":4,"minecraft:cobblestone":25,"minecraft:oak_leaves":4},"minecraft:used":{"minecraft:wheat_seeds":1,"minecraft:wooden_hoe":4,"minecraft:lava_bucket":14,"minecraft:stone_pickaxe":25,"minecraft:stone_axe":13,"minecraft:dirt":6,"minecraft:cobblestone":71,"minecraft:crafting_table":1,"minecraft:oak_sapling":3,"minecraft:bucket":13,"minecraft:ice":1},"minecraft:dropped":{"minecraft:dirt":8,"minecraft:oak_log":4,"minecraft:oak_sapling":1,"minecraft:stone_pickaxe":1},"minecraft:picked_up":{"minecraft:stick":3,"minecraft:dandelion":1,"minecraft:oak_log":17,"minecraft:dirt":14,"minecraft:wheat_seeds":1,"minecraft:poppy":1,"minecraft:oak_sapling":6,"minecraft:oak_planks":3,"minecraft:cobblestone":63}},"DataVersion":3465}