{
  "minecraft:recipes/decorations/crafting_table": {
    "criteria": {
      "unlock_right_away": "2024-07-01 00:47:29 +0000"
    },
    "done": true
  },
  "skyblock:technical/update": {
    "criteria": {
      "tick": "2024-07-01 00:47:29 +0000"
    },
    "done": true
  },
  "skyblock:technical/modifiers": {
    "criteria": {
      "tick": "2024-07-01 00:47:29 +0000"
    },
    "done": true
  },
  "skyblock:forest_island/adventuring_time": {
    "criteria": {
      "minecraft:plains": "2024-07-01 00:47:30 +0000"
    },
    "done": false
  },
  "skyblock:skyblock/get_wood": {
    "criteria": {
      "requirement": "2024-07-01 02:23:22 +0000"
    },
    "done": true
  },
  "minecraft:recipes/building_blocks/packed_ice": {
    "criteria": {
      "has_ice": "2024-07-01 02:24:39 +0000"
    },
    "done": true
  },
  "skyblock:skyblock/root": {
    "criteria": {
      "get_item": "2024-07-01 02:22:14 +0000"
    },
    "done": true
  },
  "minecraft:recipes/misc/charcoal": {
    "criteria": {
      "has_log": "2024-07-01 02:23:22 +0000"
    },
    "done": true
  },
  "skyblock:forest_island/plant_all_saplings": {
    "criteria": {
      "oak_sapling": "2024-07-01 02:25:21 +0000"
    },
    "done": false
  },
  "minecraft:recipes/skyblock/sand": {
    "criteria": {
      "has_stones": "2024-07-01 02:22:14 +0000"
    },
    "done": true
  },
  "minecraft:recipes/building_blocks/oak_planks": {
    "criteria": {
      "has_logs": "2024-07-01 02:23:22 +0000"
    },
    "done": true
  },
  "skyblock:skyblock/get_sapling": {
    "criteria": {
      "requirement": "2024-07-01 02:23:58 +0000"
    },
    "done": true
  },
  "minecraft:recipes/building_blocks/oak_wood": {
    "criteria": {
      "has_log": "2024-07-01 02:23:22 +0000"
    },
    "done": true
  },
  "DataVersion": 3465
}