{
  "minecraft:recipes/decorations/crafting_table": {
    "criteria": {
      "unlock_right_away": "2024-07-01 00:47:29 +0000"
    },
    "done": true
  },
  "skyblock:forest_island/adventuring_time": {
    "criteria": {
      "minecraft:plains": "2024-07-01 00:47:30 +0000"
    },
    "done": false
  },
  "skyblock:technical/update": {
    "criteria": {
      "tick": "2024-07-01 00:47:29 +0000"
    },
    "done": true
  },
  "skyblock:technical/modifiers": {
    "criteria": {
      "tick": "2024-07-01 00:47:29 +0000"
    },
    "done": true
  },
  "DataVersion": 3465
}