{
  "parent": "minecraft:recipes/root",
  "criteria": {
    "has_polished_blackstone": {
      "conditions": {
        "items": [
          {
            "items": [
              "minecraft:polished_blackstone"
            ]
          }
        ]
      },
      "trigger": "minecraft:inventory_changed"
    },
    "has_the_recipe": {
      "conditions": {
        "recipe": "minecraft:polished_blackstone_button"
      },
      "trigger": "minecraft:recipe_unlocked"
    }
  },
  "requirements": [
    [
      "has_polished_blackstone",
      "has_the_recipe"
    ]
  ],
  "rewards": {
    "recipes": [
      "minecraft:polished_blackstone_button"
    ]
  },
  "sends_telemetry_event": false
}